ACK Flag Count,Bwd Packets/s,Destination Port,FIN Flag Count,Flow Bytes/s,Flow Duration,Flow Packets/s,Fwd Header Length,Fwd PSH Flags,Max Packet Length,Min Packet Length,PSH Flag Count,Protocol,RST Flag Count,Total Backward Packets,Total Fwd Packets,Total Length of Bwd Packets,Total Length of Fwd Packets,URG Flag Count,true_binary,pred_binary,true_attack_label,error_type
1,0.030664636,80,0,119.0912249,97832565,0.102215454,152,0,11595,0,0,6,0,3,7,11601,50,0,1,1,DDoS,Correct
1,0.188182479,443,0,34.06102871,5313991,1.129094874,100,1,46,6,0,6,0,1,5,46,135,0,0,0,BENIGN,Correct
0,9174.311927,53,0,1027522.936,218,18348.62385,40,0,83,29,0,17,0,2,2,166,58,0,0,0,BENIGN,Correct
1,0.0,80,0,7.61650975,3938812,1.269418292,100,0,6,6,0,6,0,0,5,0,30,0,1,1,DDoS,Correct
0,21.29970819,53,0,3301.45477,93898,42.59941639,64,0,122,33,0,17,0,2,2,244,66,0,0,0,BENIGN,Correct
1,0.0,52416,0,0.0,48,41666.66667,64,0,0,0,0,6,0,0,2,0,0,0,0,0,BENIGN,Correct
1,0.083402908,80,0,162.1213518,71939938,0.194606784,172,0,5840,0,0,6,0,6,8,11607,56,0,1,1,DDoS,Correct
0,2.790577225,80,0,6489.20828,1791744,4.464923561,72,0,4380,0,1,6,0,5,3,11601,26,0,1,1,DDoS,Correct
0,0.763170661,443,0,573.2105452,14413552,1.595720472,252,0,1576,0,1,6,0,11,12,6932,1330,0,0,0,BENIGN,Correct
0,0.174891952,80,0,2.448487325,5717816,0.699567807,72,0,6,0,1,6,0,1,3,2,12,0,0,0,BENIGN,Correct
0,3.290929704,80,0,6380.564208,1823193,4.936394556,72,0,4380,0,1,6,0,6,3,11607,26,0,1,1,DDoS,Correct
0,278.3383202,80,0,809059.9123,14371,487.0920604,72,0,8760,0,1,6,0,4,3,11601,26,0,1,1,DDoS,Correct
0,26.00712595,53,0,2990.819485,76902,52.01425191,64,0,82,33,0,17,0,2,2,164,66,0,0,0,BENIGN,Correct
0,9.25172082,80,0,17928.293,648528,13.87758123,72,0,4380,0,1,6,0,6,3,11601,26,0,1,1,DDoS,Correct
1,0.0,80,0,37.2099946,644988,6.201665767,80,0,6,6,0,6,0,0,4,0,24,0,1,1,DDoS,Correct
1,0.0,80,0,356.9799496,100846,59.49665827,120,0,6,6,0,6,0,0,6,0,36,0,1,1,DDoS,Correct
1,0.054107311,80,0,126.2107147,92408953,0.14067901,172,0,7215,0,0,6,0,5,8,11607,56,0,1,1,DDoS,Correct
0,4.518936604,80,0,10508.33518,1106455,7.230298566,72,0,7215,0,1,6,0,5,3,11601,26,0,1,1,DDoS,Correct
0,1.003027136,443,0,824.6554769,5981892,2.34039665,172,0,1460,0,1,6,0,6,8,4235,698,0,0,0,BENIGN,Correct
0,10362.6943,53,0,1222797.927,193,20725.3886,40,0,91,27,0,17,0,2,2,182,54,0,0,0,BENIGN,Correct
0,72.94212043,80,0,141422.6145,82257,109.4131806,72,0,4380,0,1,6,0,6,3,11607,26,0,1,1,DDoS,Correct
1,0.0,54862,0,6000000.0,2,1000000.0,40,0,6,6,0,6,0,0,2,0,12,0,0,0,BENIGN,Correct
0,2.111522154,58491,0,12281.66861,947184,8.446088616,144,0,5840,0,1,6,0,2,6,26,11607,0,0,0,BENIGN,Correct
1,0.057051999,80,0,166.2637892,70111478,0.171155998,172,0,8675,0,0,6,0,4,8,11601,56,0,1,1,DDoS,Correct
1,14925.37313,55537,0,179104.4776,67,29850.74627,20,0,6,6,0,6,0,1,1,6,6,1,0,0,BENIGN,Correct
1,0.0,80,0,2.423077878,9904758,0.403846313,80,0,6,6,0,6,0,0,4,0,24,0,1,1,DDoS,Correct
1,0.0,80,0,2.987016187,8034774,0.497836031,80,0,6,6,0,6,0,0,4,0,24,0,1,1,DDoS,Correct
0,20.58587397,53,0,2511.476625,48577,41.17174795,20,0,75,47,0,17,0,1,1,75,47,0,0,0,BENIGN,Correct
0,9.534842699,80,0,2664.988534,419514,16.68597472,108,0,697,0,1,6,0,4,3,421,697,0,0,0,BENIGN,Correct
0,150.6553508,80,0,291944.9606,39826,225.9830262,72,0,4380,0,1,6,0,6,3,11601,26,0,1,1,DDoS,Correct
1,0.050388484,80,0,117.5361781,99229022,0.131010059,172,0,7215,0,0,6,0,5,8,11607,56,0,1,1,DDoS,Correct
0,11.76581325,53,0,2141.378012,84992,23.53162651,20,0,130,52,0,17,0,1,1,130,52,0,0,0,BENIGN,Correct
1,0.60669024,17404,0,4.36816973,8241438,0.728028288,20,0,6,6,0,6,0,5,1,30,6,1,0,0,BENIGN,Correct
0,7.430690237,80,0,17279.32708,672885,11.88910438,72,0,5840,0,1,6,0,5,3,11601,26,0,1,1,DDoS,Correct
1,0.555014416,52931,0,3.996103799,9008775,0.6660173,20,0,6,6,0,6,0,5,1,30,6,1,0,0,BENIGN,Correct
1,0.0,80,0,717.4802095,41813,119.5800349,100,0,6,6,0,6,0,0,5,0,30,0,1,1,DDoS,Correct
0,5.036996741,80,0,11719.07662,992655,8.059194786,72,0,7300,0,1,6,0,5,3,11607,26,0,1,1,DDoS,Correct
1,0.887341103,16296,0,6.211387722,6761774,1.035231287,20,0,6,6,0,6,0,6,1,36,6,1,0,0,BENIGN,Correct
1,0.0,80,0,2.977682271,8059960,0.496280379,80,0,6,6,0,6,0,0,4,0,24,0,1,1,DDoS,Correct
1,3.329439739,64858,0,23.30607817,1802105,3.884346362,20,0,6,6,0,6,0,6,1,36,6,1,0,0,BENIGN,Correct
0,217.9788996,80,0,506888.1332,22938,348.7662394,72,0,7300,0,1,6,0,5,3,11601,26,0,1,1,DDoS,Correct
1,0.505521218,59338,0,3.538648529,11868938,0.589774755,20,0,6,6,0,6,0,6,1,36,6,1,0,0,BENIGN,Correct
0,0.03011879,53,0,3.85520518,66403729,0.060237581,64,0,78,50,0,17,0,2,2,144,112,0,0,0,BENIGN,Correct
1,0.0,80,0,7.950309506,3773438,1.325051584,100,0,6,6,0,6,0,0,5,0,30,0,1,1,DDoS,Correct
1,0.0,80,0,3.115501372,7703415,0.519250229,80,0,6,6,0,6,0,0,4,0,24,0,1,1,DDoS,Correct
0,11.61365999,50193,0,67550.85331,172211,46.45463995,144,0,7215,0,1,6,0,2,6,26,11607,0,0,0,BENIGN,Correct
0,0.368577989,80,0,3.317201903,5426260,1.105733968,100,0,6,0,1,6,0,2,4,0,18,0,0,0,BENIGN,Correct
0,14.48876396,53,0,2463.089874,138038,43.46629189,80,0,98,36,0,17,0,2,4,196,144,0,0,0,BENIGN,Correct
0,8.755379086,53,0,1348.328379,228431,17.51075817,64,0,121,33,0,17,0,2,2,242,66,0,0,0,BENIGN,Correct
0,41.61672659,80,0,96775.53602,120144,66.58676255,72,0,5840,0,1,6,0,5,3,11601,26,0,1,1,DDoS,Correct
1,0.0,80,0,4.976896417,6027853,0.829482736,100,0,6,6,0,6,0,0,5,0,30,0,1,1,DDoS,Correct
1,0.072603385,80,0,141.1288798,82640775,0.181508462,192,0,5840,0,0,6,0,6,9,11601,62,0,1,1,DDoS,Correct
1,0.0,80,0,3.488863374,8598789,0.581477229,100,0,6,6,0,6,0,0,5,0,30,0,1,1,DDoS,Correct
0,4.322230963,63736,0,25140.25639,462724,15.12780837,124,0,11595,0,1,6,0,2,5,26,11607,0,0,0,BENIGN,Correct
1,0.0,80,0,4.103482722,7310863,0.683913787,100,0,6,6,0,6,0,0,5,0,30,0,1,1,DDoS,Correct
1,0.051777581,80,0,150.9704827,77253512,0.155332744,172,0,11595,0,0,6,0,4,8,11607,56,0,1,1,DDoS,Correct
1,0.049931588,80,0,116.5303406,100137011,0.139808447,192,0,7215,0,0,6,0,5,9,11607,62,0,1,1,DDoS,Correct
0,2.767864211,80,0,6439.712873,1806447,4.428582737,72,0,7300,0,1,6,0,5,3,11607,26,0,1,1,DDoS,Correct
1,0.065518699,80,0,127.2919123,91576910,0.152876964,172,0,4380,0,0,6,0,6,8,11601,56,0,1,1,DDoS,Correct
1,0.127626442,59126,0,149.0038712,78353669,0.204202307,132,0,7300,0,0,6,0,10,6,68,11607,1,0,0,BENIGN,Correct
0,3.488297054,80,0,6759.738308,1720037,5.232445581,72,0,4380,0,1,6,0,6,3,11601,26,0,1,1,DDoS,Correct
1,0.0,80,0,6.389910757,3755921,1.064985126,80,0,6,6,0,6,0,0,4,0,24,0,1,1,DDoS,Correct
1,0.11178331,54816,0,130.5070146,89458793,0.167674965,112,0,8760,0,0,6,0,10,5,68,11607,1,0,0,BENIGN,Correct
1,0.0,80,0,2.975044435,10083883,0.495840739,100,0,6,6,0,6,0,0,5,0,30,0,1,1,DDoS,Correct
0,24.26085269,80,0,47013.48903,247312,36.39127903,72,0,5840,0,1,6,0,6,3,11601,26,0,1,1,DDoS,Correct
1,8849.557522,37704,0,0.0,113,17699.11504,32,0,0,0,0,6,0,1,1,0,0,1,0,0,BENIGN,Correct
1,0.208088197,36725,0,1.498235017,24028273,0.249705836,20,0,6,6,0,6,0,5,1,30,6,1,0,0,BENIGN,Correct
1,0.0,80,0,2.431199831,9871669,0.405199972,80,0,6,6,0,6,0,0,4,0,24,0,1,1,DDoS,Correct
1,0.049814066,80,0,116.1962892,100373257,0.12951657,172,0,10135,0,0,6,0,5,8,11607,56,0,1,1,DDoS,Correct
1,0.0,80,0,3.997408347,6003890,0.666234724,80,0,6,6,0,6,0,0,4,0,24,0,1,1,DDoS,Correct
1,0.109646801,49765,0,142.236267,82081738,0.170561691,112,0,11595,0,0,6,0,9,5,62,11613,1,0,0,BENIGN,Correct
0,149.9887508,80,0,290653.201,40003,224.9831263,72,0,4380,0,1,6,0,6,3,11601,26,0,1,1,DDoS,Correct
1,0.0,80,0,0.0,188,10638.29787,64,0,0,0,0,6,0,0,2,0,0,0,0,0,BENIGN,Correct
1,0.0,80,0,6.212595001,4828900,1.0354325,100,0,6,6,0,6,0,0,5,0,30,0,1,1,DDoS,Correct
0,44.51368796,80,0,86260.10832,134790,66.77053194,72,0,5840,0,1,6,0,6,3,11601,26,0,1,1,DDoS,Correct
0,9852.216749,53,0,926108.3744,203,19704.4335,40,0,61,33,0,17,0,2,2,122,66,0,0,0,BENIGN,Correct
1,0.0,80,0,3.404134026,8812814,0.567355671,100,0,6,6,0,6,0,0,5,0,30,0,1,1,DDoS,Correct
1,0.082393462,80,0,160.0767643,72821312,0.192251411,172,0,4380,0,0,6,0,6,8,11601,56,0,1,1,DDoS,Correct
0,83.01412426,80,0,137886.4604,84323,118.5916061,72,0,4380,0,1,6,0,7,3,11601,26,0,1,1,DDoS,Correct
1,4.29909676,443,0,0.0,232607,8.59819352,32,0,0,0,0,6,0,1,1,0,0,1,0,0,BENIGN,Correct
1,1.239743294,62371,0,8.926151715,4033093,1.487691953,20,0,6,6,0,6,0,5,1,30,6,1,0,0,BENIGN,Correct
1,0.0,80,0,77.14032253,233341,12.85672042,60,0,6,6,0,6,0,0,3,0,18,0,0,0,BENIGN,Correct
1,1.04758205,49802,0,7.333074348,5727475,1.222179058,20,0,6,6,0,6,0,6,1,36,6,1,0,0,BENIGN,Correct
1,0.031165666,443,0,4.347610434,64173183,0.140245498,140,1,46,6,0,6,0,2,7,92,187,0,0,0,BENIGN,Correct
0,357.0153517,80,0,830203.4988,14005,571.2245627,72,0,7300,0,1,6,0,5,3,11601,26,0,1,1,DDoS,Correct
0,2.378808621,65414,0,13836.34035,840757,9.515234485,144,0,10135,0,1,6,0,2,6,26,11607,0,0,0,BENIGN,Correct
0,12269.93865,53,0,1006134.969,163,24539.8773,40,0,49,33,0,17,0,2,2,98,66,0,0,0,BENIGN,Correct
1,0.0,80,0,4.703836276,6377773,0.783972713,100,0,6,6,0,6,0,0,5,0,30,0,1,1,DDoS,Correct
1,0.048708866,80,0,141.9498115,82120574,0.146126597,172,0,8760,0,0,6,0,4,8,11601,56,0,1,1,DDoS,Correct
1,0.061555465,80,0,143.5842782,81227556,0.16004421,172,0,7215,0,0,6,0,5,8,11607,56,0,1,1,DDoS,Correct
1,0.0,80,0,3.169965967,9463824,0.528327661,100,0,6,6,0,6,0,0,5,0,30,0,1,1,DDoS,Correct
1,0.0,80,0,2.432653015,9865772,0.405442169,80,0,6,6,0,6,0,0,4,0,24,0,1,1,DDoS,Correct
0,0.0,80,0,0.0,63127263,0.110887114,280,0,0,0,1,6,0,0,7,0,0,0,0,0,BENIGN,Correct
0,10256.41026,53,0,1343589.744,195,20512.82051,64,0,86,45,0,17,0,2,2,172,90,0,0,0,BENIGN,Correct
0,6.70599959,80,0,15594.13145,745601,10.72959934,72,0,5840,0,1,6,0,5,3,11601,26,0,1,1,DDoS,Correct
1,0.078668574,80,0,152.8399283,76269337,0.183560007,172,0,4380,0,0,6,0,6,8,11601,56,0,1,1,DDoS,Correct
0,9302.325581,53,0,1497674.419,215,18604.65116,64,0,129,32,0,17,0,2,2,258,64,0,0,0,BENIGN,Correct
1,0.0,80,0,2.156959033,11126776,0.359493172,80,0,6,6,0,6,0,0,4,0,24,0,1,1,DDoS,Correct
1,0.073231993,80,0,142.277557,81931404,0.17087465,172,0,4380,0,0,6,0,6,8,11601,56,0,1,1,DDoS,Correct
0,3.787867309,80,0,8812.852082,1320004,6.060587695,72,0,7215,0,1,6,0,5,3,11607,26,0,1,1,DDoS,Correct
0,28.2789435,80,0,65759.85521,176810,45.2463096,72,0,7300,0,1,6,0,5,3,11601,26,0,1,1,DDoS,Correct
0,3.788436052,80,0,7345.146098,1583767,5.682654077,72,0,4380,0,1,6,0,6,3,11607,26,0,1,1,DDoS,Correct
1,0.062219438,80,0,145.1330606,80360739,0.161770538,172,0,7300,0,0,6,0,5,8,11607,56,0,1,1,DDoS,Correct
1,0.484167481,443,0,45.2696595,4130802,1.694586184,100,1,46,6,0,6,0,2,5,52,135,0,0,0,BENIGN,Correct
0,8.202705252,53,0,2124.50066,121911,16.4054105,32,0,215,44,0,17,0,1,1,215,44,0,0,0,BENIGN,Correct
1,8.660258076,60144,0,155.8846454,115470,25.98077423,40,0,6,6,0,6,0,1,2,6,12,1,0,0,BENIGN,Correct
1,0.082077995,80,0,159.5459423,73101201,0.191515321,172,0,5840,0,0,6,0,6,8,11607,56,0,1,1,DDoS,Correct
0,2.274863835,80,0,6615.872749,1758347,3.981011712,72,0,11595,0,1,6,0,4,3,11607,26,0,1,1,DDoS,Correct
0,11428.57143,53,0,937142.8571,175,22857.14286,64,0,49,33,0,17,0,2,2,98,66,0,0,0,BENIGN,Correct
1,0.0,59473,0,0.0,508402,3.933894831,64,0,0,0,0,6,0,0,2,0,0,0,0,0,BENIGN,Correct
1,0.0,443,0,9250000.0,4,500000.0,40,1,31,6,0,6,0,0,2,0,37,0,0,0,BENIGN,Correct
1,0.069293989,80,0,161.7183113,72156331,0.194023169,192,0,7215,0,0,6,0,5,9,11607,62,0,1,1,DDoS,Correct
1,0.0,80,0,2.95138116,8131786,0.49189686,80,0,6,6,0,6,0,0,4,0,24,0,1,1,DDoS,Correct
0,5.327786752,80,0,3710.270694,938476,9.590016154,92,0,1709,0,1,6,0,5,4,3181,301,0,0,0,BENIGN,Correct
0,3.851061481,80,0,7466.566368,1558012,5.776592221,72,0,4380,0,1,6,0,6,3,11607,26,0,1,1,DDoS,Correct
0,6.38430992,443,0,4207.260237,783170,15.32234381,152,0,1400,0,1,6,0,5,7,2725,570,0,0,0,BENIGN,Correct
1,0.0,80,0,6.279540003,3821936,1.04659,80,0,6,6,0,6,0,0,4,0,24,0,1,1,DDoS,Correct
0,21.57590403,53,0,4142.573574,46348,43.15180806,20,0,149,43,0,17,0,1,1,149,43,0,0,0,BENIGN,Correct
1,0.0,80,0,23.1171291,1297739,3.85285485,100,0,6,6,0,6,0,0,5,0,30,0,1,1,DDoS,Correct
0,153.1980084,80,0,296872.2073,39165,229.7970126,72,0,4380,0,1,6,0,6,3,11601,26,0,1,1,DDoS,Correct
0,20.57994279,53,0,5474.264782,97182,41.15988558,40,0,238,28,0,17,0,2,2,476,56,0,0,0,BENIGN,Correct
1,52.46773234,34381,0,203347.4413,57178,122.4247088,92,0,10135,0,1,6,0,3,4,26,11601,0,0,0,BENIGN,Correct
0,10101.0101,53,0,1353535.354,198,20202.0202,40,0,102,32,0,17,0,2,2,204,64,0,0,0,BENIGN,Correct
0,40.62233416,53,0,5037.169436,49234,81.24466832,40,0,94,30,0,17,0,2,2,188,60,0,0,0,BENIGN,Correct
1,0.114935951,59364,0,149.0974699,78304481,0.191559919,132,0,7215,0,0,6,0,9,6,62,11613,1,0,0,BENIGN,Correct
0,3.20750642,80,0,6218.820365,1870612,4.811259631,72,0,4380,0,1,6,0,6,3,11607,26,0,1,1,DDoS,Correct
0,8000.0,53,0,1280000.0,250,16000.0,40,0,128,32,0,17,0,2,2,256,64,0,0,0,BENIGN,Correct
1,0.064921526,80,0,126.1966268,92419269,0.151483561,172,0,5840,0,0,6,0,6,8,11607,56,0,1,1,DDoS,Correct
0,23.78347524,53,0,3044.284831,42046,47.56695048,20,0,72,56,0,17,0,1,1,72,56,0,0,0,BENIGN,Correct
1,0.121858092,56324,0,158.0770251,73856400,0.20309682,132,0,7215,0,0,6,0,9,6,62,11613,1,0,0,BENIGN,Correct
0,8547.008547,53,0,1367521.368,234,17094.01709,40,0,125,35,0,17,0,2,2,250,70,0,0,0,BENIGN,Correct
0,2.878972046,80,0,6698.216362,1736731,4.606355273,72,0,10135,0,1,6,0,5,3,11607,26,0,1,1,DDoS,Correct
0,5.00621271,80,0,11647.45449,998759,8.009940336,72,0,7215,0,1,6,0,5,3,11607,26,0,1,1,DDoS,Correct
1,0.0,80,0,157894.7368,76,26315.78947,40,0,6,6,0,6,0,0,2,0,12,0,0,0,BENIGN,Correct
1,0.469692835,64513,0,3.381788412,10645255,0.563631402,20,0,6,6,0,6,0,5,1,30,6,1,0,0,BENIGN,Correct
1,0.552184225,34545,0,3.975726423,9054949,0.662621071,20,0,6,6,0,6,0,5,1,30,6,1,0,0,BENIGN,Correct
0,8.722867521,80,0,20294.62357,573206,13.95658803,72,0,10135,0,1,6,0,5,3,11607,26,0,1,1,DDoS,Correct
1,0.0,80,0,2.687275081,11163725,0.44787918,100,0,6,6,0,6,0,0,5,0,30,0,1,1,DDoS,Correct
0,2.707532355,80,0,7874.180971,1477360,4.738181621,72,0,11595,0,1,6,0,4,3,11607,26,0,1,1,DDoS,Correct
1,0.611794168,61915,0,143.261801,9807220,0.713759863,20,1,1375,0,0,6,0,6,1,30,1375,1,0,0,BENIGN,Correct
0,2.972240757,65280,0,17279.12164,672893,10.40284265,124,0,10135,0,1,6,0,2,5,26,11601,0,0,0,BENIGN,Correct
0,7.595067459,80,0,17670.68395,658322,12.15210794,72,0,7215,0,1,6,0,5,3,11607,26,0,1,1,DDoS,Correct
0,5.260163293,80,0,10198.57993,1140649,7.89024494,72,0,5840,0,1,6,0,6,3,11607,26,0,1,1,DDoS,Correct
1,0.0,443,0,76433.12102,157,12738.8535,40,0,6,6,0,6,0,0,2,0,12,0,0,0,BENIGN,Correct
0,10869.56522,53,0,2391304.348,184,21739.13043,40,0,174,46,0,17,0,2,2,348,92,0,0,0,BENIGN,Correct
0,15.84173473,80,0,36857.38003,315622,25.34677557,72,0,10135,0,1,6,0,5,3,11607,26,0,1,1,DDoS,Correct
1,0.648398892,39849,0,4.538792247,9253563,0.756465374,20,0,6,6,0,6,0,6,1,36,6,1,0,0,BENIGN,Correct
0,146.8536603,80,0,284724.7718,40857,220.2804905,72,0,5755,0,1,6,0,6,3,11607,26,0,1,1,DDoS,Correct
1,0.0,80,0,7.382093207,4063888,1.230348868,100,0,6,6,0,6,0,0,5,0,30,0,1,1,DDoS,Correct
1,0.0,443,0,133.7524243,89718,22.29207071,40,0,6,6,0,6,0,0,2,0,12,0,0,0,BENIGN,Correct
1,0.0,80,0,3.986800368,6019865,0.664466728,80,0,6,6,0,6,0,0,4,0,24,0,1,1,DDoS,Correct
0,0.238421494,80,0,206.9157969,29359769,0.613083843,232,0,1460,0,1,6,0,7,11,682,5393,0,0,0,BENIGN,Correct
0,0.17925246,80,0,2.151029519,5578724,0.71700984,72,0,6,0,1,6,0,1,3,0,12,0,0,0,BENIGN,Correct
1,0.0,80,0,4.141155995,7244354,0.690192666,100,0,6,6,0,6,0,0,5,0,30,0,1,1,DDoS,Correct
0,121.769308,80,0,353952.9362,32849,213.0962891,72,0,8760,0,1,6,0,4,3,11601,26,0,1,1,DDoS,Correct
1,11904.7619,33256,0,142857.1429,84,23809.52381,20,0,6,6,0,6,0,1,1,6,6,1,0,0,BENIGN,Correct
0,11.87690773,80,0,23015.46769,505182,17.81536159,72,0,4380,0,1,6,0,6,3,11601,26,0,1,1,DDoS,Correct
0,33.06331625,53,0,5091.750703,60490,66.1266325,40,0,110,44,0,17,0,2,2,220,88,0,0,0,BENIGN,Correct
0,4.748221593,80,0,9206.010299,1263631,7.12233239,72,0,5755,0,1,6,0,6,3,11607,26,0,1,1,DDoS,Correct
1,0.0,58695,0,4000000.0,3,666666.6667,40,0,6,6,0,6,0,0,2,0,12,0,0,0,BENIGN,Correct
1,0.0,80,0,0.0,87,22988.50575,64,0,0,0,0,6,0,0,2,0,0,0,0,0,BENIGN,Correct
0,11627.90698,53,0,930232.5581,172,23255.81395,40,0,48,32,0,17,0,2,2,96,64,0,0,0,BENIGN,Correct
1,0.0,58954,0,50632.91139,237,8438.818565,40,0,6,6,0,6,0,0,2,0,12,0,0,0,BENIGN,Correct
1,18518.51852,52888,0,0.0,54,37037.03704,32,0,0,0,0,6,0,1,1,0,0,1,0,0,BENIGN,Correct
1,0.063290013,80,0,147.6302839,79001406,0.164554033,172,0,10220,0,0,6,0,5,8,11607,56,0,1,1,DDoS,Correct
1,0.498371633,80,0,1452.379531,8026139,1.370521991,152,0,11595,0,0,6,0,4,7,11607,50,0,1,1,DDoS,Correct
0,6.736932877,443,0,4266.162744,1187484,13.47386575,264,0,1448,0,1,6,0,8,8,4365,701,0,0,0,BENIGN,Correct
1,0.040634993,80,0,118.4205292,98437324,0.12190498,172,0,8760,0,0,6,0,4,8,11601,56,0,1,1,DDoS,Correct
0,139.9916005,80,0,232646.0412,50003,199.9880007,72,0,4380,0,1,6,0,7,3,11607,26,0,1,1,DDoS,Correct
1,2.479595409,20948,0,17.85308695,2016458,2.975514491,20,0,6,6,0,6,0,5,1,30,6,1,0,0,BENIGN,Correct
0,83.38892595,53,0,6671.114076,23984,166.7778519,64,0,56,24,0,17,0,2,2,112,48,0,0,0,BENIGN,Correct
0,15.14256727,80,0,29343.77161,396234,22.71385091,72,0,4380,0,1,6,0,6,3,11601,26,0,1,1,DDoS,Correct
1,0.054211428,80,0,126.4535778,92231475,0.140949714,172,0,10135,0,0,6,0,5,8,11607,56,0,1,1,DDoS,Correct
0,49.8668555,80,0,115960.3858,100267,79.78696879,72,0,5840,0,1,6,0,5,3,11601,26,0,1,1,DDoS,Correct
1,15625.0,55575,0,765625.0,64,62500.0,60,0,31,6,0,6,0,1,3,6,43,0,0,0,BENIGN,Correct
1,0.046360772,80,0,135.1068786,86279841,0.139082315,172,0,8760,0,0,6,0,4,8,11601,56,0,1,1,DDoS,Correct
0,159.8210005,80,0,371647.7545,31285,255.7136008,72,0,7300,0,1,6,0,5,3,11601,26,0,1,1,DDoS,Correct
1,0.063437708,80,0,147.8986716,78817476,0.16493804,172,0,5840,0,0,6,0,5,8,11601,56,0,1,1,DDoS,Correct
0,83.87854387,53,0,11155.84633,23844,167.7570877,64,0,97,36,0,17,0,2,2,194,72,0,0,0,BENIGN,Correct
0,2.999029814,443,0,1974.861132,2000647,6.49789793,152,0,1460,0,1,6,0,6,7,3611,340,0,0,0,BENIGN,Correct
0,7.822971373,80,0,15167.43766,766972,11.73445706,72,0,5840,0,1,6,0,6,3,11607,26,0,1,1,DDoS,Correct
1,0.0,80,0,125000.0,96,20833.33333,40,0,6,6,0,6,0,0,2,0,12,0,0,0,BENIGN,Correct
1,0.0,80,0,10.31999554,2906978,1.719999257,100,0,6,6,0,6,0,0,5,0,30,0,1,1,DDoS,Correct
0,2.887672986,80,0,6718.459969,1731498,4.620276778,72,0,10135,0,1,6,0,5,3,11607,26,0,1,1,DDoS,Correct
1,0.444046145,52566,0,3.197132243,11260091,0.532855374,20,0,6,6,0,6,0,5,1,30,6,1,0,0,BENIGN,Correct
1,0.0,80,0,3.13549083,9567880,0.522581805,100,0,6,6,0,6,0,0,5,0,30,0,1,1,DDoS,Correct
0,11560.69364,53,0,1664739.884,173,23121.38728,64,0,102,42,0,17,0,2,2,204,84,0,0,0,BENIGN,Correct
1,0.0,80,0,34.74303185,690786,5.790505308,80,0,6,6,0,6,0,0,4,0,24,0,1,1,DDoS,Correct
0,0.83565562,443,0,583.287623,5983326,2.172704613,172,0,1601,0,1,6,0,5,8,3118,372,0,0,0,BENIGN,Correct
1,0.049519114,80,0,115.5082863,100971111,0.13865352,192,0,4380,0,0,6,0,5,9,11601,62,0,1,1,DDoS,Correct
1,0.0,80,0,2.653568065,9044426,0.442261344,80,0,6,6,0,6,0,0,4,0,24,0,1,1,DDoS,Correct
1,0.0,80,0,4.045241986,5932896,0.674206998,80,0,6,6,0,6,0,0,4,0,24,0,1,1,DDoS,Correct
0,3.016661777,80,0,8773.206613,1325969,5.27915811,72,0,11595,0,1,6,0,4,3,11607,26,0,1,1,DDoS,Correct
1,0.0,80,0,5.351521848,5605882,0.891920308,100,0,6,6,0,6,0,0,5,0,30,0,1,1,DDoS,Correct
1,0.111502917,49625,0,144.6440621,80715377,0.185838195,132,0,10135,0,0,6,0,9,6,62,11613,1,0,0,BENIGN,Correct
0,19.56870573,53,0,1956.870573,51102,39.13741145,20,0,58,42,0,17,0,1,1,58,42,0,0,0,BENIGN,Correct
0,55.63468043,80,0,129439.6475,89872,89.0154887,72,0,7215,0,1,6,0,5,3,11607,26,0,1,1,DDoS,Correct
1,0.875515551,19346,0,6.128608857,6853105,1.021434809,20,0,6,6,0,6,0,6,1,36,6,1,0,0,BENIGN,Correct
0,15.45097534,80,0,29941.41505,388325,23.17646301,72,0,5840,0,1,6,0,6,3,11601,26,0,1,1,DDoS,Correct
1,0.0,80,0,11.11652012,2158949,1.852753354,80,0,6,6,0,6,0,0,4,0,24,0,1,1,DDoS,Correct
1,0.0,80,0,2.244307874,10693720,0.374051312,80,0,6,6,0,6,0,0,4,0,24,0,1,1,DDoS,Correct
1,4784.688995,53549,0,0.0,209,9569.37799,32,0,0,0,0,6,0,1,1,0,0,0,0,0,BENIGN,Correct
0,63.77713717,80,0,148383.8873,78398,102.0434195,72,0,7215,0,1,6,0,5,3,11607,26,0,1,1,DDoS,Correct
1,0.0,443,0,0.0,15020,133.1557923,64,0,0,0,0,6,0,0,2,0,0,0,0,0,BENIGN,Correct
0,2.503525799,80,0,9702.831488,1198310,5.007051598,72,0,11595,0,1,6,0,3,3,11601,26,0,1,1,DDoS,Correct
0,10256.41026,53,0,471794.8718,195,20512.82051,64,0,23,23,0,17,0,2,2,46,46,0,0,0,BENIGN,Correct
0,12738.8535,53,0,968152.8662,157,25477.70701,64,0,46,30,0,17,0,2,2,92,60,0,0,0,BENIGN,Correct
1,0.109007543,63932,0,141.3343352,82563094,0.193791187,152,0,4380,0,0,6,0,9,7,62,11607,1,0,0,BENIGN,Correct
1,0.502607023,41973,0,3.618770563,9948130,0.603128427,20,0,6,6,0,6,0,5,1,30,6,1,0,0,BENIGN,Correct
1,0.0,9401,0,36815.06849,1168,2568.493151,60,0,31,6,0,6,0,0,3,0,43,0,0,0,BENIGN,Correct
1,0.0,443,0,0.0,254,7874.015748,64,0,0,0,0,6,0,0,2,0,0,0,0,0,BENIGN,Correct
1,1.027127991,54197,0,7.189895937,5841531,1.198315989,20,0,6,6,0,6,0,6,1,36,6,1,0,0,BENIGN,Correct
1,8.023106547,80,0,0.0,124640,16.04621309,32,0,0,0,0,6,0,1,1,0,0,1,0,0,BENIGN,Correct
1,0.060524019,80,0,141.1056988,82611830,0.15736245,172,0,5840,0,0,6,0,5,8,11601,56,0,1,1,DDoS,Correct
1,0.0,80,0,2.445800052,9812740,0.407633342,80,0,6,6,0,6,0,0,4,0,24,0,1,1,DDoS,Correct
1,1.027658046,54200,0,7.193606323,5838518,1.198934387,20,0,6,6,0,6,0,6,1,36,6,1,0,0,BENIGN,Correct
1,0.56008169,56718,0,131.1524624,10712723,0.653428638,20,1,1375,0,0,6,0,6,1,30,1375,1,0,0,BENIGN,Correct
1,0.097817972,56802,0,126.8264354,92007632,0.173898617,152,0,5840,0,0,6,0,9,7,62,11607,1,0,0,BENIGN,Correct
0,5.797227476,80,0,16859.78681,689985,10.14514808,72,0,11595,0,1,6,0,4,3,11607,26,0,1,1,DDoS,Correct
1,9.157341441,443,0,0.0,109202,18.31468288,32,0,0,0,0,6,0,1,1,0,0,1,0,0,BENIGN,Correct
0,10.79033833,50977,0,62762.0029,185351,48.55652249,164,0,5840,0,1,6,0,2,7,26,11607,0,0,0,BENIGN,Correct
0,4.102803117,80,0,9545.581732,1218679,6.564484987,72,0,7215,0,1,6,0,5,3,11607,26,0,1,1,DDoS,Correct
0,11.39255793,80,0,26505.92527,438883,18.22809268,72,0,10135,0,1,6,0,5,3,11607,26,0,1,1,DDoS,Correct
0,6.535285641,80,0,18996.44154,612062,11.43674987,72,0,5840,0,1,6,0,4,3,11601,26,0,1,1,DDoS,Correct
1,2.410500526,50658,0,17.35560379,2074258,2.892600631,20,0,6,6,0,6,0,5,1,30,6,1,0,0,BENIGN,Correct
1,0.793919088,24243,0,5.716217433,6297871,0.952702905,20,0,6,6,0,6,0,5,1,30,6,1,0,0,BENIGN,Correct
1,0.0,56994,0,0.0,47,42553.19149,64,0,0,0,0,6,0,0,2,0,0,0,0,0,BENIGN,Correct
0,83.3437513,53,0,11334.75018,23997,166.6875026,40,0,100,36,0,17,0,2,2,200,72,0,0,0,BENIGN,Correct
1,0.0,80,0,5.761125032,4165853,0.960187505,80,0,6,6,0,6,0,0,4,0,24,0,1,1,DDoS,Correct
1,1.307762907,63013,0,9.415892929,3823323,1.569315488,20,0,6,6,0,6,0,5,1,30,6,1,0,0,BENIGN,Correct
0,20.87377627,53,0,3819.901058,47907,41.74755255,20,0,124,59,0,17,0,1,1,124,59,0,0,0,BENIGN,Correct
1,142857.1429,389,0,1071428.571,28,178571.4286,20,0,6,6,0,6,0,4,1,24,6,1,0,0,BENIGN,Correct
0,8.055724129,80,0,15610.65074,744812,12.08358619,72,0,7300,0,1,6,0,6,3,11601,26,0,1,1,DDoS,Correct
1,2.420150756,35667,0,17.42508544,2065987,2.904180907,20,0,6,6,0,6,0,5,1,30,6,1,0,0,BENIGN,Correct
1,0.0,80,0,2.401261383,9994747,0.40021023,80,0,6,6,0,6,0,0,4,0,24,0,1,1,DDoS,Correct
0,5.082157308,80,0,9848.373837,1180601,7.623235962,72,0,5840,0,1,6,0,6,3,11601,26,0,1,1,DDoS,Correct
1,0.063812985,80,0,148.9267441,78353959,0.178676358,192,0,10135,0,0,6,0,5,9,11607,62,0,1,1,DDoS,Correct
1,1.000478062,23102,0,7.003346432,5997133,1.167224405,20,0,6,6,0,6,0,6,1,36,6,1,0,0,BENIGN,Correct
0,5.191249975,80,0,10064.96849,1155791,7.786874963,72,0,5840,0,1,6,0,6,3,11607,26,0,1,1,DDoS,Correct
1,0.0,80,0,5.684041202,5277935,0.9473402,100,0,6,6,0,6,0,0,5,0,30,0,1,1,DDoS,Correct
0,62.57528589,80,0,181984.5752,63923,109.5067503,72,0,11595,0,1,6,0,4,3,11607,26,0,1,1,DDoS,Correct
1,0.0,80,0,11.90495087,2519960,1.984158479,100,0,6,6,0,6,0,0,5,0,30,0,1,1,DDoS,Correct
1,0.0,80,0,4.53297684,7941801,0.75549614,120,0,6,6,0,6,0,0,6,0,36,0,1,1,DDoS,Correct
1,0.506115905,32314,0,3.644034513,9879160,0.607339086,20,0,6,6,0,6,0,5,1,30,6,1,0,0,BENIGN,Correct
1,0.082397914,80,0,160.1678127,72817377,0.1922618,172,0,5840,0,0,6,0,6,8,11607,56,0,1,1,DDoS,Correct
1,0.0,80,0,7.592981756,3951017,1.265496959,100,0,6,6,0,6,0,0,5,0,30,0,1,1,DDoS,Correct
0,0.135674996,443,0,23.21851427,110558323,0.271349991,312,0,517,0,1,6,0,15,15,1005,1562,0,0,0,BENIGN,Correct
1,0.122030071,55862,0,158.30012,73752313,0.189824555,112,0,11595,0,0,6,0,9,5,62,11613,1,0,0,BENIGN,Correct
1,0.063418439,80,0,147.8537494,78841423,0.164887942,172,0,7300,0,0,6,0,5,8,11601,56,0,1,1,DDoS,Correct
1,0.443051765,60633,0,3.189972711,11285363,0.531662118,20,0,6,6,0,6,0,5,1,30,6,1,0,0,BENIGN,Correct
0,93.92846408,80,0,218421.2504,53232,150.2855425,72,0,5840,0,1,6,0,5,3,11601,26,0,1,1,DDoS,Correct
1,7.228306046,34762,0,50.59814233,830070,8.433023721,20,0,6,6,0,6,0,6,1,36,6,1,0,0,BENIGN,Correct
1,0.0,80,0,5.082286453,5902855,0.847047742,100,0,6,6,0,6,0,0,5,0,30,0,1,1,DDoS,Correct
1,0.0,80,0,7.121856146,3369908,1.186976024,80,0,6,6,0,6,0,0,4,0,24,0,1,1,DDoS,Correct
1,0.115908692,52948,0,135.3233975,86274807,0.185453907,132,0,8760,0,0,6,0,10,6,68,11607,1,0,0,BENIGN,Correct
0,2.74753052,80,0,6392.404507,1819816,4.396048831,72,0,5840,0,1,6,0,5,3,11607,26,0,1,1,DDoS,Correct
1,0.0,80,0,7.62118397,3149117,1.270197328,80,0,6,6,0,6,0,0,4,0,24,0,1,1,DDoS,Correct
0,3.620517618,80,0,8419.151669,1381018,5.792828189,72,0,8760,0,1,6,0,5,3,11601,26,0,1,1,DDoS,Correct
1,0.0,80,0,5.109098845,5871877,0.851516474,100,0,6,6,0,6,0,0,5,0,30,0,1,1,DDoS,Correct
0,2.720690141,80,0,6329.957682,1837769,4.353104226,72,0,7215,0,1,6,0,5,3,11607,26,0,1,1,DDoS,Correct
0,9345.794393,53,0,429906.5421,214,18691.58879,64,0,23,23,0,17,0,2,2,46,46,0,0,0,BENIGN,Correct
1,0.0,80,0,4.057570844,5914869,0.676261807,80,0,6,6,0,6,0,0,4,0,24,0,1,1,DDoS,Correct
1,0.0,80,0,2.945585102,8147787,0.49093085,80,0,6,6,0,6,0,0,4,0,24,0,1,1,DDoS,Correct
1,4.123362767,20390,0,965.5541147,1455123,4.810589895,20,1,1375,0,0,6,0,6,1,30,1375,1,0,0,BENIGN,Correct
1,0.072584774,80,0,141.0927038,82661964,0.169364473,172,0,5840,0,0,6,0,6,8,11607,56,0,1,1,DDoS,Correct
1,52.79923969,64078,0,204737.8518,56819,123.1982259,92,0,11595,0,1,6,0,3,4,26,11607,0,0,0,BENIGN,Correct
0,10.10541633,80,0,19592.71804,593741,15.1581245,72,0,5840,0,1,6,0,6,3,11607,26,0,1,1,DDoS,Correct
0,10989.01099,53,0,1472527.473,182,21978.02198,64,0,102,32,0,17,0,2,2,204,64,0,0,0,BENIGN,Correct
1,0.0,80,0,3.227269133,9295785,0.537878189,100,0,6,6,0,6,0,0,5,0,30,0,1,1,DDoS,Correct
0,20.83203133,53,0,3437.28517,48003,41.66406266,32,0,121,44,0,17,0,1,1,121,44,0,0,0,BENIGN,Correct
0,68.44158511,53,0,5749.093149,29222,136.8831702,64,0,50,34,0,17,0,2,2,100,68,0,0,0,BENIGN,Correct
0,2.283455622,80,0,6640.859812,1751731,3.996047338,72,0,11595,0,1,6,0,4,3,11607,26,0,1,1,DDoS,Correct
0,19.85249596,53,0,2719.791946,100743,39.70499191,40,0,101,36,0,17,0,2,2,202,72,0,0,0,BENIGN,Correct
0,3.515914788,80,0,10225.15918,1137684,6.15285088,72,0,11595,0,1,6,0,4,3,11607,26,0,1,1,DDoS,Correct
0,226.4578222,80,0,438837.5165,26495,339.6867333,72,0,5840,0,1,6,0,6,3,11601,26,0,1,1,DDoS,Correct
1,0.0,80,0,12.26318637,1957077,2.043864396,80,0,6,6,0,6,0,0,4,0,24,0,1,1,DDoS,Correct
0,32.64346804,53,0,7050.989097,30634,65.28693608,32,0,149,67,0,17,0,1,1,149,67,0,0,0,BENIGN,Correct
1,0.062407903,80,0,145.4977853,80118058,0.162260548,172,0,4380,0,0,6,0,5,8,11601,56,0,1,1,DDoS,Correct
1,0.0,80,0,2.961572998,10129752,0.4935955,100,0,6,6,0,6,0,0,5,0,30,0,1,1,DDoS,Correct
1,0.236316674,443,0,42.77331796,4231610,1.417900043,100,1,46,6,0,6,0,1,5,46,135,0,0,0,BENIGN,Correct
0,5.492815397,80,0,15974.48038,728224,9.612426946,72,0,11595,0,1,6,0,4,3,11607,26,0,1,1,DDoS,Correct
1,0.068326593,80,0,159.3786106,73177950,0.177649142,172,0,10135,0,0,6,0,5,8,11607,56,0,1,1,DDoS,Correct
0,9345.794393,53,0,1056074.766,214,18691.58879,40,0,81,32,0,17,0,2,2,162,64,0,0,0,BENIGN,Correct
0,6.317418703,80,0,18363.15681,633170,11.05548273,72,0,8760,0,1,6,0,4,3,11601,26,0,1,1,DDoS,Correct
0,8.602354034,80,0,25017.79612,464989,15.05411956,72,0,11595,0,1,6,0,4,3,11607,26,0,1,1,DDoS,Correct
0,31.68367024,53,0,9061.529688,31562,63.36734047,32,0,207,79,0,17,0,1,1,207,79,0,0,0,BENIGN,Correct
1,0.0,80,0,3.674292579,8164837,0.612382097,100,0,6,6,0,6,0,0,5,0,30,0,1,1,DDoS,Correct
1,0.0,80,0,14.4521062,2075822,2.408684367,100,0,6,6,0,6,0,0,5,0,30,0,1,1,DDoS,Correct
0,24.31354751,80,0,47115.60281,246776,36.47032126,72,0,4380,0,1,6,0,6,3,11601,26,0,1,1,DDoS,Correct
0,203.5692475,80,0,394483.2734,29474,305.3538712,72,0,5840,0,1,6,0,6,3,11601,26,0,1,1,DDoS,Correct
1,0.0,80,0,4.597054391,6525918,0.766175732,100,0,6,6,0,6,0,0,5,0,30,0,1,1,DDoS,Correct
1,0.049075958,80,0,114.4745788,101882882,0.12759749,172,0,5840,0,0,6,0,5,8,11607,56,0,1,1,DDoS,Correct
0,148.4670774,80,0,287555.9845,40413,197.9561032,52,0,7300,0,1,6,0,6,2,11601,20,0,1,1,DDoS,Correct
0,7722.007722,53,0,1243243.243,259,15444.01544,80,0,129,32,0,17,0,2,2,258,64,0,0,0,BENIGN,Correct
0,39.07471085,49846,0,227160.8315,51184,136.761488,124,0,8760,0,1,6,0,2,5,26,11601,0,0,0,BENIGN,Correct
1,0.621440827,24740,0,4.35008579,9654982,0.725014298,20,0,6,6,0,6,0,6,1,36,6,1,0,0,BENIGN,Correct
0,3.638123165,80,0,8464.457356,1374335,5.820997064,72,0,8675,0,1,6,0,5,3,11607,26,0,1,1,DDoS,Correct
0,24.39262367,56229,0,141879.6956,81992,97.57049468,144,0,10135,0,1,6,0,2,6,26,11607,0,0,0,BENIGN,Correct
0,3.401528307,80,0,2735.509064,2939855,7.483362275,252,0,3200,0,1,6,0,10,12,3009,5033,0,0,0,BENIGN,Correct
0,2.771057962,59536,0,16109.54546,721746,9.698702868,124,0,7215,0,1,6,0,2,5,26,11601,0,0,0,BENIGN,Correct
0,20.9065061,53,0,3658.638568,47832,41.81301221,32,0,121,54,0,17,0,1,1,121,54,0,0,0,BENIGN,Correct
0,6.958303065,80,0,16189.18791,718566,11.1332849,72,0,5840,0,1,6,0,5,3,11607,26,0,1,1,DDoS,Correct
0,2.375050099,80,0,6903.676874,1684175,4.156337673,72,0,8760,0,1,6,0,4,3,11601,26,0,1,1,DDoS,Correct
0,56.69898509,80,0,131847.8199,88185,90.71837614,72,0,7300,0,1,6,0,5,3,11601,26,0,1,1,DDoS,Correct
1,0.0,80,0,7.107051142,3376928,1.184508524,80,0,6,6,0,6,0,0,4,0,24,0,1,1,DDoS,Correct
1,0.512139394,33552,0,3.687403635,9762967,0.614567272,20,0,6,6,0,6,0,5,1,30,6,1,0,0,BENIGN,Correct
0,14184.39716,53,0,1617021.277,141,28368.79433,40,0,65,49,0,17,0,2,2,130,98,0,0,0,BENIGN,Correct
0,27.02629659,80,0,78558.6876,148004,47.29601903,72,0,8760,0,1,6,0,4,3,11601,26,0,1,1,DDoS,Correct
1,0.0,80,0,9056.603774,1325,1509.433962,40,0,6,6,0,6,0,0,2,0,12,0,0,0,BENIGN,Correct
0,0.907827378,443,0,665.2559029,5507655,2.360351184,172,0,1774,0,1,6,0,5,8,3291,373,0,0,0,BENIGN,Correct
0,20.92706916,53,0,3976.143141,47785,41.85413833,20,0,137,53,0,17,0,1,1,137,53,0,0,0,BENIGN,Correct
0,83.86799178,53,0,11238.3109,23847,167.7359836,40,0,101,33,0,17,0,2,2,202,66,0,0,0,BENIGN,Correct
1,22727.27273,10208,0,272727.2727,44,45454.54545,20,0,6,6,0,6,0,1,1,6,6,1,0,0,BENIGN,Correct
1,0.0,80,0,7.461001346,4020908,1.243500224,100,0,6,6,0,6,0,0,5,0,30,0,1,1,DDoS,Correct
1,0.498198266,80,0,1162.097275,10036165,1.295315492,172,0,10135,0,0,6,0,5,8,11607,56,0,1,1,DDoS,Correct
1,0.496713989,32004,0,3.576340718,10066155,0.596056786,20,0,6,6,0,6,0,5,1,30,6,1,0,0,BENIGN,Correct
1,0.57348157,56772,0,4.129067303,8718676,0.688177884,20,0,6,6,0,6,0,5,1,30,6,1,0,0,BENIGN,Correct
1,0.070425379,80,0,164.3587495,70997133,0.197191061,192,0,5840,0,0,6,0,5,9,11607,62,0,1,1,DDoS,Correct
0,0.162923006,443,0,50.45468252,116619503,0.351570697,712,0,1448,0,1,6,0,19,22,4828,1056,0,0,0,BENIGN,Correct
0,3.356677909,80,0,7809.646824,1489568,5.370684655,72,0,8760,0,1,6,0,5,3,11607,26,0,1,1,DDoS,Correct
1,0.074201234,80,0,144.2348319,80861189,0.173136212,172,0,5840,0,0,6,0,6,8,11607,56,0,1,1,DDoS,Correct
1,0.664636712,443,0,62.60588855,69210742,1.228133055,780,1,205,6,0,6,0,46,39,1585,2748,0,0,0,BENIGN,Correct
1,0.044494393,80,0,129.8012676,89898968,0.144606777,192,0,11595,0,0,6,0,4,9,11607,62,0,1,1,DDoS,Correct
0,0.129195645,80,0,15.97719473,116102985,0.284230418,372,0,618,0,1,6,0,15,18,1241,614,0,0,0,BENIGN,Correct
1,0.088717969,64199,0,115.0277762,101445063,0.147863282,132,0,4380,0,0,6,0,9,6,62,11607,1,0,0,BENIGN,Correct
0,9.241900135,80,0,15350.79612,757420,13.20271448,72,0,4380,0,1,6,0,7,3,11601,26,0,1,1,DDoS,Correct
1,0.597762575,28152,0,4.303890538,8364525,0.71731509,20,0,6,6,0,6,0,5,1,30,6,1,0,0,BENIGN,Correct
1,0.623799122,35474,0,4.366593852,9618481,0.727765642,20,0,6,6,0,6,0,6,1,36,6,1,0,0,BENIGN,Correct
1,0.0,80,0,14.17796178,2115960,2.362993629,100,0,6,6,0,6,0,0,5,0,30,0,1,1,DDoS,Correct
0,9.29182366,80,0,2536.667859,430486,16.2606914,104,0,671,0,1,6,0,4,3,421,671,0,0,0,BENIGN,Correct
1,0.06181892,80,0,144.1246303,80881387,0.160729192,172,0,4380,0,0,6,0,5,8,11601,56,0,1,1,DDoS,Correct
0,10695.18717,53,0,1251336.898,187,21390.37433,40,0,76,41,0,17,0,2,2,152,82,0,0,0,BENIGN,Correct
1,0.0,80,0,5.949571433,4033904,0.991595239,80,0,6,6,0,6,0,0,4,0,24,0,1,1,DDoS,Correct
1,0.0,80,0,7.099057647,4225913,1.183176275,100,0,6,6,0,6,0,0,5,0,30,0,1,1,DDoS,Correct
0,63.17651518,80,0,122425.557,94972,94.76477278,72,0,5755,0,1,6,0,6,3,11601,26,0,1,1,DDoS,Correct
0,6.073258683,80,0,17662.55456,658625,10.6282027,72,0,11595,0,1,6,0,4,3,11607,26,0,1,1,DDoS,Correct
0,0.383201518,80,0,212.6129758,15657558,0.766403037,204,0,1448,0,1,6,0,6,6,2960,369,0,0,0,BENIGN,Correct
1,0.0,80,0,2.451960726,9788085,0.408660121,80,0,6,6,0,6,0,0,4,0,24,0,1,1,DDoS,Correct
1,0.0,80,0,46.43991604,645996,7.739986006,100,0,6,6,0,6,0,0,5,0,30,0,1,1,DDoS,Correct
1,0.603369638,80,0,1172.850015,9944153,1.40786249,172,0,4380,0,0,6,0,6,8,11607,56,0,1,1,DDoS,Correct
1,0.0,80,0,9.944657978,3016695,1.657442996,100,0,6,6,0,6,0,0,5,0,30,0,1,1,DDoS,Correct
0,3.193869814,80,0,7430.857509,1565499,5.110191702,72,0,7300,0,1,6,0,5,3,11607,26,0,1,1,DDoS,Correct
1,0.0,80,0,11.47244534,2091969,1.912074223,80,0,6,6,0,6,0,0,4,0,24,0,1,1,DDoS,Correct
1,0.756521442,50553,0,5.446954381,6609198,0.90782573,20,0,6,6,0,6,0,5,1,30,6,1,0,0,BENIGN,Correct
1,2.589766486,59891,0,18.6463187,1930676,3.107719783,20,0,6,6,0,6,0,5,1,30,6,1,0,0,BENIGN,Correct
1,0.596796694,80,0,1160.073307,10053675,1.392525619,172,0,4380,0,0,6,0,6,8,11607,56,0,1,1,DDoS,Correct
0,1.137964546,62129,0,6615.556886,1757524,4.551858182,144,0,8760,0,1,6,0,2,6,26,11601,0,0,0,BENIGN,Correct
1,0.0,58067,0,1693877.551,49,61224.4898,60,1,46,6,0,6,0,0,3,0,83,0,0,0,BENIGN,Correct
1,0.122129408,56172,0,158.4289816,73692325,0.203549013,132,0,7215,0,0,6,0,9,6,62,11613,1,0,0,BENIGN,Correct
1,0.816306939,42990,0,5.877409963,6125147,0.979568327,20,0,6,6,0,6,0,5,1,30,6,1,0,0,BENIGN,Correct
0,33.03055326,53,0,5483.071841,30275,66.06110652,32,0,111,55,0,17,0,1,1,111,55,0,0,0,BENIGN,Correct
0,80.84597225,80,0,187999.2239,61846,129.3535556,72,0,7300,0,1,6,0,5,3,11601,26,0,1,1,DDoS,Correct
1,0.254706326,37371,0,59.64373123,23556541,0.29715738,20,1,1375,0,0,6,0,6,1,30,1375,1,0,0,BENIGN,Correct
0,54.76601221,49848,0,318382.212,36519,191.6810427,124,0,8760,0,1,6,0,2,5,26,11601,0,0,0,BENIGN,Correct
1,0.389249581,51450,0,108.9120326,12845229,0.467099497,20,1,1375,0,0,6,0,5,1,24,1375,1,0,0,BENIGN,Correct
0,2.718931047,80,0,6325.864974,1838958,4.350289675,72,0,7215,0,1,6,0,5,3,11607,26,0,1,1,DDoS,Correct
1,0.0,80,0,3.344193416,8970773,0.557365569,100,0,6,6,0,6,0,0,5,0,30,0,1,1,DDoS,Correct
1,0.053108894,80,0,123.8180748,94146190,0.138083124,172,0,5840,0,0,6,0,5,8,11601,56,0,1,1,DDoS,Correct
0,3.926347994,80,0,9130.329625,1273448,6.28215679,72,0,7300,0,1,6,0,5,3,11601,26,0,1,1,DDoS,Correct
1,0.0,80,0,4.787852643,6265857,0.797975441,100,0,6,6,0,6,0,0,5,0,30,0,1,1,DDoS,Correct
0,176.0873393,80,0,341227.9157,34074,264.131009,72,0,4380,0,1,6,0,6,3,11601,26,0,1,1,DDoS,Correct
1,31.01256009,80,0,0.0,32245,62.02512017,32,0,0,0,0,6,0,1,1,0,0,1,0,0,BENIGN,Correct
0,22.11704339,80,0,51457.51316,226070,35.38726943,72,0,10135,0,1,6,0,5,3,11607,26,0,1,1,DDoS,Correct
1,0.0,59440,0,4000000.0,3,666666.6667,40,0,6,6,0,6,0,0,2,0,12,0,0,0,BENIGN,Correct
1,0.0,80,0,0.0,219,9132.420091,64,0,0,0,0,6,0,0,2,0,0,0,0,0,BENIGN,Correct
0,2.17221541,80,0,6314.087143,1841438,3.801376967,72,0,8760,0,1,6,0,4,3,11601,26,0,1,1,DDoS,Correct
1,0.0,80,0,1083.815029,11072,180.6358382,40,0,6,6,0,6,0,0,2,0,12,0,0,0,BENIGN,Correct
1,0.0,55542,0,4888.03001,8797,341.0253496,60,0,31,6,0,6,0,0,3,0,43,0,0,0,BENIGN,Correct
0,9615.384615,53,0,1288461.538,208,19230.76923,64,0,102,32,0,17,0,2,2,204,64,0,0,0,BENIGN,Correct
0,41.22266422,53,0,5441.391677,48517,82.44532844,64,0,99,33,0,17,0,2,2,198,66,0,0,0,BENIGN,Correct
0,55.04587156,80,0,106669.7248,109000,82.56880734,72,0,5840,0,1,6,0,6,3,11601,26,0,1,1,DDoS,Correct
0,41.13152834,80,0,119559.07,97249,71.9801746,72,0,8760,0,1,6,0,4,3,11601,26,0,1,1,DDoS,Correct
1,0.076429026,80,0,148.5652883,78504206,0.178334394,172,0,5840,0,0,6,0,6,8,11607,56,0,1,1,DDoS,Correct
1,0.094455166,80,0,157.2948386,74109234,0.202403927,172,0,2920,0,0,6,0,7,8,11601,56,0,1,1,DDoS,Correct
0,9.594120723,80,0,2564.028763,416922,16.78971126,104,0,648,0,1,6,0,4,3,421,648,0,0,0,BENIGN,Correct
0,0.32432727,80,0,213.6235616,9249916,0.756763629,100,0,1663,0,1,6,0,3,4,1669,307,0,0,0,BENIGN,Correct
0,7.705703762,53,0,2797.170466,259548,23.11711129,80,0,265,49,0,17,0,2,4,530,196,0,0,0,BENIGN,Correct
1,0.659737227,28606,0,4.750108032,7578775,0.791684672,20,0,6,6,0,6,0,5,1,30,6,1,0,0,BENIGN,Correct
1,0.0,80,0,6.181897385,4852879,1.030316231,100,0,6,6,0,6,0,0,5,0,30,0,1,1,DDoS,Correct
0,6.327279814,80,0,14721.04921,790229,10.1236477,72,0,5840,0,1,6,0,5,3,11607,26,0,1,1,DDoS,Correct
0,238.8344877,80,0,462821.4314,25122,358.2517316,72,0,4380,0,1,6,0,6,3,11601,26,0,1,1,DDoS,Correct
1,0.0,80,0,882.3010411,34002,147.0501735,100,0,6,6,0,6,0,0,5,0,30,0,1,1,DDoS,Correct
0,92.22114631,80,0,268063.817,43374,161.387006,72,0,8760,0,1,6,0,4,3,11601,26,0,1,1,DDoS,Correct
0,45.21817771,58831,0,263011.5306,44230,158.263622,124,0,11595,0,1,6,0,2,5,26,11607,0,0,0,BENIGN,Correct
0,5.784927949,80,0,11216.01114,1037178,8.677391923,72,0,4380,0,1,6,0,6,3,11607,26,0,1,1,DDoS,Correct
1,0.0,80,0,2.659870402,11278745,0.443311734,100,0,6,6,0,6,0,0,5,0,30,0,1,1,DDoS,Correct
0,9.200732378,53,0,1766.540617,108687,18.40146476,20,0,145,47,0,17,0,1,1,145,47,0,0,0,BENIGN,Correct
0,4.587265384,80,0,10672.73164,1089974,7.339624615,72,0,10135,0,1,6,0,5,3,11607,26,0,1,1,DDoS,Correct
0,32.42910188,53,0,4896.794383,61673,97.28730563,128,0,91,30,0,17,0,2,4,182,120,0,0,0,BENIGN,Correct
0,1.625101027,443,0,2873.220285,71995524,2.916847997,3008,0,4194,0,1,6,0,117,93,205246,1613,0,0,0,BENIGN,Correct
1,0.0,80,0,14.87924562,1612985,2.47987427,80,0,6,6,0,6,0,0,4,0,24,0,1,1,DDoS,Correct
1,0.073029788,80,0,141.884706,82158256,0.170402838,172,0,4380,0,0,6,0,6,8,11601,56,0,1,1,DDoS,Correct
1,0.0,80,0,4.480240738,5356855,0.74670679,80,0,6,6,0,6,0,0,4,0,24,0,1,1,DDoS,Correct
1,0.0,80,0,4.565639514,6570821,0.760939919,100,0,6,6,0,6,0,0,5,0,30,0,1,1,DDoS,Correct
1,0.0,80,0,5.090807275,5892975,0.848467879,100,0,6,6,0,6,0,0,5,0,30,0,1,1,DDoS,Correct
1,0.0,80,0,5.915809162,4056926,0.985968194,80,0,6,6,0,6,0,0,4,0,24,0,1,1,DDoS,Correct
0,22.39530908,443,0,45756.63425,18887884,37.27257114,5632,0,5840,0,1,6,0,423,281,856309,7937,0,0,0,BENIGN,Correct
1,0.06107315,80,0,142.4592303,81869037,0.171004821,192,0,5840,0,0,6,0,5,9,11601,62,0,1,1,DDoS,Correct
0,41.24833975,80,0,95918.88926,121217,65.99734361,72,0,5840,0,1,6,0,5,3,11601,26,0,1,1,DDoS,Correct
1,0.527659934,16282,0,3.957449503,7580640,0.659574917,20,0,6,6,0,6,0,4,1,24,6,1,0,0,BENIGN,Correct
0,222.9530127,80,0,648068.6695,17941,390.1677721,72,0,8760,0,1,6,0,4,3,11601,26,0,1,1,DDoS,Correct
0,11.1816591,80,0,21668.19172,536593,16.77248865,72,0,4380,0,1,6,0,6,3,11601,26,0,1,1,DDoS,Correct
0,39.02743629,80,0,90801.23327,128115,62.44389806,72,0,7215,0,1,6,0,5,3,11607,26,0,1,1,DDoS,Correct
0,79.26285544,80,0,230397.3051,50465,138.709997,72,0,8760,0,1,6,0,4,3,11601,26,0,1,1,DDoS,Correct
0,1.381364836,443,0,1283.879946,5067452,3.157405339,192,0,2636,0,1,6,0,7,9,6121,385,0,0,0,BENIGN,Correct
1,1.798435002,50187,0,12.58904501,3336234,2.098174169,20,0,6,6,0,6,0,6,1,36,6,1,0,0,BENIGN,Correct
0,8771.929825,53,0,1280701.754,228,17543.85965,40,0,113,33,0,17,0,2,2,226,66,0,0,0,BENIGN,Correct
1,0.0,80,0,3.544923935,8462805,0.590820656,100,0,6,6,0,6,0,0,5,0,30,0,1,1,DDoS,Correct
0,0.244757546,443,0,116.4739971,65370814,0.489515092,520,0,1681,0,1,6,0,16,16,6840,774,0,0,0,BENIGN,Correct
1,2.395349573,54280,0,17.24651692,2087378,2.874419487,20,0,6,6,0,6,0,5,1,30,6,1,0,0,BENIGN,Correct
0,8.367514631,80,0,19467.85954,597549,13.38802341,72,0,7215,0,1,6,0,5,3,11607,26,0,1,1,DDoS,Correct
1,0.12378411,54880,0,160.5754982,72707232,0.19255306,112,0,11595,0,0,6,0,9,5,62,11613,1,0,0,BENIGN,Correct
1,0.0,80,0,12.64243814,2372960,2.107073023,100,0,6,6,0,6,0,0,5,0,30,0,1,1,DDoS,Correct
0,298.1340006,443,0,570596.5342,187835,553.6774297,1208,0,4344,0,1,6,0,56,48,105841,1337,0,0,0,BENIGN,Correct
1,86.86587908,139,0,0.0,11512,173.7317582,32,0,0,0,0,6,0,1,1,0,0,1,0,0,BENIGN,Correct
0,5.233773014,80,0,15221.12037,764267,9.159102774,72,0,11595,0,1,6,0,4,3,11607,26,0,1,1,DDoS,Correct
1,0.0,80,0,3.23457284,9274795,0.539095473,100,0,6,6,0,6,0,0,5,0,30,0,1,1,DDoS,Correct
0,0.845513186,80,0,3.382052743,3548141,1.691026371,84,0,6,0,1,6,0,3,3,6,6,0,0,0,BENIGN,Correct
1,0.05857207,80,0,113.8543416,102437903,0.146430174,192,0,4380,0,0,6,0,6,9,11601,62,0,1,1,DDoS,Correct
1,27027.02703,58712,0,324324.3243,37,54054.05405,20,0,6,6,0,6,0,1,1,6,6,1,0,0,BENIGN,Correct
0,32.66532739,53,0,3462.524703,61227,65.33065478,64,0,61,45,0,17,0,2,2,122,90,0,0,0,BENIGN,Correct
1,0.0,80,0,2.376525866,10098775,0.396087644,80,0,6,6,0,6,0,0,4,0,24,0,1,1,DDoS,Correct
1,0.0,80,0,7.737899795,3877021,1.289649966,100,0,6,6,0,6,0,0,5,0,30,0,1,1,DDoS,Correct
0,6.177026157,80,0,14371.46906,809451,9.883241852,72,0,7300,0,1,6,0,5,3,11607,26,0,1,1,DDoS,Correct
0,1.651800463,57207,0,9607.69739,1210800,6.60720185,144,0,5840,0,1,6,0,2,6,26,11607,0,0,0,BENIGN,Correct
1,0.0,80,0,2.425819207,9893565,0.404303201,80,0,6,6,0,6,0,0,4,0,24,0,1,1,DDoS,Correct
0,131.1200273,80,0,304906.5114,38133,209.7920436,72,0,5755,0,1,6,0,5,3,11601,26,0,1,1,DDoS,Correct
1,5050.505051,34867,0,186868.6869,198,15151.51515,64,1,31,0,0,6,0,1,2,6,31,0,0,0,BENIGN,Correct
0,4.873852512,80,0,14174.38157,820706,8.529241897,72,0,11595,0,1,6,0,4,3,11607,26,0,1,1,DDoS,Correct
1,0.0,80,0,1.987626528,12074703,0.331271088,80,0,6,6,0,6,0,0,4,0,24,0,1,1,DDoS,Correct
1,1.217235371,57859,0,340.5824569,4107669,1.460682445,20,1,1375,0,0,6,0,5,1,24,1375,1,0,0,BENIGN,Correct
0,6.937651328,80,0,20176.42447,576564,12.14088982,72,0,11595,0,1,6,0,4,3,11607,26,0,1,1,DDoS,Correct
1,0.756867628,50546,0,5.449446919,6606175,0.908241153,20,0,6,6,0,6,0,5,1,30,6,1,0,0,BENIGN,Correct
1,0.554721573,54046,0,3.883051009,10816237,0.647175168,20,0,6,6,0,6,0,6,1,36,6,1,0,0,BENIGN,Correct
0,7326.007326,53,0,1084249.084,273,14652.01465,64,0,103,45,0,17,0,2,2,206,90,0,0,0,BENIGN,Correct
0,20.63557573,53,0,2331.820058,48460,41.27115147,32,0,79,34,0,17,0,1,1,79,34,0,0,0,BENIGN,Correct
0,0.142948671,80,0,1.71538405,6995518,0.571794683,72,0,6,0,1,6,0,1,3,0,12,0,0,0,BENIGN,Correct
1,0.0,80,0,2.756160041,10884709,0.459360007,100,0,6,6,0,6,0,0,5,0,30,0,1,1,DDoS,Correct
1,0.582433096,54986,0,4.193518288,8584677,0.698919715,20,0,6,6,0,6,0,5,1,30,6,1,0,0,BENIGN,Correct
0,7.06646719,443,0,4542.728908,990594,20.18990626,284,0,1682,0,1,6,0,7,13,3633,867,0,0,0,BENIGN,Correct
0,114.6854751,80,0,333534.0329,34878,200.6995814,72,0,11595,0,1,6,0,4,3,11607,26,0,1,1,DDoS,Correct
1,0.104266889,59034,0,121.7315928,95907724,0.177253711,152,0,5840,0,0,6,0,10,7,68,11607,1,0,0,BENIGN,Correct
0,215.0907683,80,0,500172.0726,23246,344.1452293,72,0,5840,0,1,6,0,5,3,11601,26,0,1,1,DDoS,Correct
1,0.0,80,0,4.1981816,7145951,0.699696933,100,0,6,6,0,6,0,0,5,0,30,0,1,1,DDoS,Correct
1,0.059431568,80,0,115.5844944,100956448,0.14857892,192,0,5840,0,0,6,0,6,9,11607,62,0,1,1,DDoS,Correct
1,0.066307055,80,0,154.5882685,75406757,0.172398344,172,0,5840,0,0,6,0,5,8,11601,56,0,1,1,DDoS,Correct
0,10.68720891,80,0,24864.86024,467849,17.09953425,72,0,7215,0,1,6,0,5,3,11607,26,0,1,1,DDoS,Correct
0,5.709343054,80,0,16604.19694,700606,9.991350345,72,0,11595,0,1,6,0,4,3,11607,26,0,1,1,DDoS,Correct
0,1.783594144,443,0,138.8230776,3363994,3.269922598,120,0,216,0,1,6,0,6,5,188,279,0,0,0,BENIGN,Correct
0,5.840384624,80,0,13588.23887,856108,9.344615399,72,0,10135,0,1,6,0,5,3,11607,26,0,1,1,DDoS,Correct
0,3.399337129,80,0,9886.122206,1176700,5.948839976,72,0,11595,0,1,6,0,4,3,11607,26,0,1,1,DDoS,Correct
1,0.52084441,49848,0,3.645910872,11519755,0.607651812,20,0,6,6,0,6,0,6,1,36,6,1,0,0,BENIGN,Correct
1,0.664899099,51950,0,4.787273512,7519938,0.797878919,20,0,6,6,0,6,0,5,1,30,6,1,0,0,BENIGN,Correct
0,3.741156841,80,0,8699.686117,1336485,5.985850945,72,0,7300,0,1,6,0,5,3,11601,26,0,1,1,DDoS,Correct
1,0.120912496,64019,0,141.1653387,82704438,0.205551243,152,0,4380,0,0,6,0,10,7,68,11607,1,0,0,BENIGN,Correct
0,19.75562294,53,0,4030.147081,101237,39.51124589,64,0,165,39,0,17,0,2,2,330,78,0,0,0,BENIGN,Correct
1,0.0,58130,0,4000000.0,3,666666.6667,40,0,6,6,0,6,0,0,2,0,12,0,0,0,BENIGN,Correct
0,12.85132304,80,0,24916.57349,466878,19.27698457,72,0,4380,0,1,6,0,6,3,11607,26,0,1,1,DDoS,Correct
0,7722.007722,53,0,1243243.243,259,15444.01544,40,0,129,32,0,17,0,2,2,258,64,0,0,0,BENIGN,Correct
1,0.741371364,80,0,1441.10237,8093110,1.85342841,192,0,5840,0,0,6,0,6,9,11601,62,0,1,1,DDoS,Correct
0,3.303837407,80,0,6402.286255,1816070,4.955756111,72,0,5840,0,1,6,0,6,3,11601,26,0,1,1,DDoS,Correct
0,8547.008547,53,0,2341880.342,234,17094.01709,40,0,201,73,0,17,0,2,2,402,146,0,0,0,BENIGN,Correct
0,6369.426752,53,0,853503.1847,314,12738.8535,64,0,102,32,0,17,0,2,2,204,64,0,0,0,BENIGN,Correct
1,0.053905289,80,0,125.6747904,92755277,0.140153751,172,0,8760,0,0,6,0,5,8,11601,56,0,1,1,DDoS,Correct
0,9.490795115,80,0,27601.60489,421461,16.60889145,72,0,11595,0,1,6,0,4,3,11607,26,0,1,1,DDoS,Correct
1,0.062289535,80,0,145.2965683,80270306,0.16195279,172,0,7215,0,0,6,0,5,8,11607,56,0,1,1,DDoS,Correct
1,0.0,80,0,1.992408591,12045722,0.332068099,80,0,6,6,0,6,0,0,4,0,24,0,1,1,DDoS,Correct
1,0.112306864,61151,0,162.695211,80137577,0.174699567,112,1,11595,0,0,6,0,9,5,56,12982,1,0,0,BENIGN,Correct
1,0.093001782,60135,0,120.6439786,96772339,0.15500297,132,0,7215,0,0,6,0,9,6,62,11613,1,0,0,BENIGN,Correct
1,0.0,80,0,2.944733969,8150142,0.490788995,80,0,6,6,0,6,0,0,4,0,24,0,1,1,DDoS,Correct
0,16.57028285,53,0,2352.980165,60349,33.14056571,20,0,92,50,0,17,0,1,1,92,50,0,0,0,BENIGN,Correct
1,0.0,80,0,14.87373685,2016978,2.478956141,100,0,6,6,0,6,0,0,5,0,30,0,1,1,DDoS,Correct
0,4.776535746,80,0,13884.19528,837427,8.358937555,72,0,5840,0,1,6,0,4,3,11601,26,0,1,1,DDoS,Correct
0,105.8499753,80,0,205119.6105,56684,158.774963,72,0,7300,0,1,6,0,6,3,11601,26,0,1,1,DDoS,Correct
0,47.9554973,80,0,92929.76118,125116,71.93324595,72,0,4380,0,1,6,0,6,3,11601,26,0,1,1,DDoS,Correct
0,12269.93865,53,0,1030674.847,163,24539.8773,64,0,50,34,0,17,0,2,2,100,68,0,0,0,BENIGN,Correct
1,0.070326146,80,0,163.9583763,71097313,0.182847979,172,0,4380,0,0,6,0,5,8,11601,56,0,1,1,DDoS,Correct
0,103.4233116,80,0,300780.846,38676,180.9907953,72,0,11595,0,1,6,0,4,3,11607,26,0,1,1,DDoS,Correct
0,0.0,8080,0,0.0,9094149,0.329882433,92,0,0,0,1,6,0,0,3,0,0,0,0,0,BENIGN,Correct
0,214.6844139,80,0,499227.1361,23290,343.4950623,72,0,8760,0,1,6,0,5,3,11601,26,0,1,1,DDoS,Correct
0,10526.31579,53,0,800000.0,190,21052.63158,64,0,54,22,0,17,0,2,2,108,44,0,0,0,BENIGN,Correct
0,2.26006066,80,0,6569.431324,1769864,3.955106155,72,0,8760,0,1,6,0,4,3,11601,26,0,1,1,DDoS,Correct
1,0.122884808,55701,0,177.9372015,73239322,0.204808013,132,1,7300,0,0,6,0,9,6,56,12976,1,0,0,BENIGN,Correct
1,0.0,80,0,3.641870586,8237525,0.606978431,100,0,6,6,0,6,0,0,5,0,30,0,1,1,DDoS,Correct
1,0.092236019,59567,0,119.6506132,97575764,0.153726698,132,0,7215,0,0,6,0,9,6,62,11613,1,0,0,BENIGN,Correct
0,2280.50171,53,0,419612.3147,877,4561.003421,40,0,148,36,0,17,0,2,2,296,72,0,0,0,BENIGN,Correct
1,0.053714708,80,0,125.230471,93084374,0.139658242,172,0,7300,0,0,6,0,5,8,11601,56,0,1,1,DDoS,Correct
0,16.36768365,53,0,4779.363624,61096,32.73536729,32,0,230,62,0,17,0,1,1,230,62,0,0,0,BENIGN,Correct
1,0.046388706,80,0,135.1882878,86227884,0.139166119,172,0,5840,0,0,6,0,4,8,11601,56,0,1,1,DDoS,Correct
1,0.0,80,0,2.561971693,9367785,0.426995282,80,0,6,6,0,6,0,0,4,0,24,0,1,1,DDoS,Correct
1,0.0,443,0,97560.97561,123,16260.1626,40,0,6,6,0,6,0,0,2,0,12,0,0,0,BENIGN,Correct
0,19.99664056,80,0,46500.18797,250042,31.9946249,72,0,4380,0,1,6,0,5,3,11601,26,0,1,1,DDoS,Correct
0,6734.006734,53,0,922558.9226,297,13468.01347,64,0,100,37,0,17,0,2,2,200,74,0,0,0,BENIGN,Correct
1,0.0,80,0,3.745414676,8009794,0.624235779,100,0,6,6,0,6,0,0,5,0,30,0,1,1,DDoS,Correct
0,10000.0,53,0,1150000.0,200,20000.0,40,0,82,33,0,17,0,2,2,164,66,0,0,0,BENIGN,Correct
1,0.080712843,80,0,156.8923145,74337612,0.188329967,172,0,5840,0,0,6,0,6,8,11607,56,0,1,1,DDoS,Correct
1,0.050792162,80,0,118.4168469,98440385,0.132059622,172,0,4380,0,0,6,0,5,8,11601,56,0,1,1,DDoS,Correct
0,5.764602459,80,0,16756.2582,693890,10.0880543,72,0,10135,0,1,6,0,4,3,11601,26,0,1,1,DDoS,Correct
0,39.30431365,53,0,7467.819593,50885,78.6086273,80,0,145,45,0,17,0,2,2,290,90,0,0,0,BENIGN,Correct
1,0.082966121,80,0,161.1893448,72318676,0.193587615,172,0,4380,0,0,6,0,6,8,11601,56,0,1,1,DDoS,Correct
0,0.07838332,80,0,34.23391523,51031265,0.156766641,92,0,1525,0,1,6,0,4,4,1537,210,0,0,0,BENIGN,Correct
0,12987.01299,53,0,1792207.792,154,25974.02597,64,0,94,44,0,17,0,2,2,188,88,0,0,0,BENIGN,Correct
0,170.8525542,65152,0,993251.3241,11706,854.2627712,184,0,4380,0,1,6,0,2,8,26,11601,0,0,0,BENIGN,Correct
0,2412.545235,53,0,275030.1568,829,4825.09047,40,0,77,37,0,17,0,2,2,154,74,0,0,0,BENIGN,Correct
1,0.0,80,0,3.786061765,7923801,0.631010294,100,0,6,6,0,6,0,0,5,0,30,0,1,1,DDoS,Correct
0,79.13583666,53,0,17172.47656,25273,158.2716733,64,0,181,36,0,17,0,2,2,362,72,0,0,0,BENIGN,Correct
1,0.0,80,0,3.214375545,7466458,0.535729257,80,0,6,6,0,6,0,0,4,0,24,0,1,1,DDoS,Correct
1,0.0,80,0,2.554539634,11743799,0.425756606,100,0,6,6,0,6,0,0,5,0,30,0,1,1,DDoS,Correct
1,0.10099606,53768,0,131.0143336,89112387,0.179548551,152,0,4380,0,0,6,0,9,7,62,11613,1,0,0,BENIGN,Correct
1,0.0,80,0,2.864378824,8378780,0.477396471,80,0,6,6,0,6,0,0,4,0,24,0,1,1,DDoS,Correct
1,0.0,56916,0,49792.53112,241,8298.755187,40,0,6,6,0,6,0,0,2,0,12,0,0,0,BENIGN,Correct
0,13.05031549,62268,0,75907.16006,153253,58.72641971,164,0,5840,0,1,6,0,2,7,26,11607,0,0,0,BENIGN,Correct
1,0.0,80,0,2.418201318,9924732,0.403033553,80,0,6,6,0,6,0,0,4,0,24,0,1,1,DDoS,Correct
0,15.79030475,62887,0,91844.3076,126660,63.16121901,144,0,10135,0,1,6,0,2,6,26,11607,0,0,0,BENIGN,Correct
1,0.07274025,80,0,141.3949235,82485281,0.169727251,172,0,4380,0,0,6,0,6,8,11607,56,0,1,1,DDoS,Correct
1,0.0,80,0,564.8653738,21244,94.14422896,40,0,6,6,0,6,0,0,2,0,12,0,0,0,BENIGN,Correct
1,0.06905124,80,0,134.1550508,86891995,0.16111956,172,0,5840,0,0,6,0,6,8,11601,56,0,1,1,DDoS,Correct
1,0.0,80,0,11.92873772,2011948,1.988122953,80,0,6,6,0,6,0,0,4,0,24,0,1,1,DDoS,Correct
0,0.0,443,1,250000.0,48,41666.66667,40,0,6,6,0,6,0,0,2,0,12,0,0,0,BENIGN,Correct
0,0.189134293,443,0,82.63449215,116319466,0.3868656,472,0,1460,0,1,6,0,22,23,7025,2587,0,0,0,BENIGN,Correct
1,0.0,80,0,3.201119282,9371722,0.53351988,100,0,6,6,0,6,0,0,5,0,30,0,1,1,DDoS,Correct
0,406.717857,443,0,771894.3936,142605,722.274815,1136,0,4344,0,1,6,0,58,45,108751,1325,0,0,0,BENIGN,Correct
1,0.067068616,80,0,130.3702106,89460621,0.156493436,172,0,8760,0,0,6,0,6,8,11607,56,0,1,1,DDoS,Correct
0,75.889808,80,0,220592.6994,52708,132.807164,72,0,8760,0,1,6,0,4,3,11601,26,0,1,1,DDoS,Correct
1,0.076484461,80,0,148.673045,78447307,0.178463743,172,0,4380,0,0,6,0,6,8,11607,56,0,1,1,DDoS,Correct
0,5295.675199,88,0,5606354.81,1133,13239.188,304,0,1590,0,1,6,0,6,9,3180,3172,0,0,0,BENIGN,Correct
1,0.0,80,0,3.201370186,7496790,0.533561698,80,0,6,6,0,6,0,0,4,0,24,0,1,1,DDoS,Correct
0,2.921467307,80,0,8491.975094,1369175,5.112567787,72,0,8760,0,1,6,0,4,3,11601,26,0,1,1,DDoS,Correct
0,41.85851821,53,0,5860.192549,23890,83.71703642,20,0,102,38,0,17,0,1,1,102,38,0,0,0,BENIGN,Correct
1,0.540340663,30478,0,126.529772,11104106,0.63039744,20,1,1375,0,0,6,0,6,1,30,1375,1,0,0,BENIGN,Correct
0,4.422704395,80,0,1453.96407,904424,7.739732692,72,0,860,0,1,6,0,4,3,872,443,0,0,0,BENIGN,Correct
0,6.891735431,80,0,13361.92638,870608,10.33760315,72,0,5840,0,1,6,0,6,3,11607,26,0,1,1,DDoS,Correct
0,6.671140778,80,0,15521.07614,749497,10.67382525,72,0,10135,0,1,6,0,5,3,11607,26,0,1,1,DDoS,Correct
0,2.632002255,443,0,3750.731604,62309977,4.365272033,2172,0,4290,0,1,6,0,164,108,230249,3459,0,0,0,BENIGN,Correct
0,5.538116642,80,0,12878.33644,902834,8.860986627,72,0,7300,0,1,6,0,5,3,11601,26,0,1,1,DDoS,Correct
0,137.2231523,80,0,319263.3861,36437,219.5570437,72,0,10135,0,1,6,0,5,3,11607,26,0,1,1,DDoS,Correct
0,32.21026863,53,0,7988.146621,31046,64.42053727,20,0,196,52,0,17,0,1,1,196,52,0,0,0,BENIGN,Correct
0,5.896629722,80,0,13712.02276,847942,9.434607556,72,0,7300,0,1,6,0,5,3,11601,26,0,1,1,DDoS,Correct
0,4.508472773,80,0,10489.41275,1109023,7.213556437,72,0,10220,0,1,6,0,5,3,11607,26,0,1,1,DDoS,Correct
1,0.821775517,35201,0,5.752428621,7301264,0.958738103,20,0,6,6,0,6,0,6,1,36,6,1,0,0,BENIGN,Correct
1,0.0,8993,0,18500000.0,2,1000000.0,40,1,31,6,0,6,0,0,2,0,37,0,0,0,BENIGN,Correct
1,0.0,80,0,37.63961946,637626,6.273269911,80,0,6,6,0,6,0,0,4,0,24,0,1,1,DDoS,Correct
1,0.0,80,0,3.809957782,7874103,0.634992964,100,0,6,6,0,6,0,0,5,0,30,0,1,1,DDoS,Correct
0,6.430061825,80,0,12460.38814,933117,9.645092738,72,0,5840,0,1,6,0,6,3,11601,26,0,1,1,DDoS,Correct
1,58.6090891,54327,0,16398.82313,85311,70.33090692,20,1,1375,0,0,6,0,5,1,24,1375,1,0,0,BENIGN,Correct
1,0.098229511,55907,0,127.4255049,91622160,0.163715852,132,0,10135,0,0,6,0,9,6,62,11613,1,0,0,BENIGN,Correct
1,0.0,80,0,7.133922754,3364208,1.188987126,80,0,6,6,0,6,0,0,4,0,24,0,1,1,DDoS,Correct
0,32.26639133,80,0,17730.38203,61984,80.66597832,80,0,806,0,1,6,0,2,3,287,812,0,0,0,BENIGN,Correct
0,13.44607117,80,0,26056.24492,446227,20.16910676,72,0,5840,0,1,6,0,6,3,11601,26,0,1,1,DDoS,Correct
1,0.076999193,52007,0,0.538994348,77922895,0.089832391,20,0,6,6,0,6,0,6,1,36,6,1,0,0,BENIGN,Correct
0,53.68666316,80,0,124842.9665,93133,85.89866105,72,0,8760,0,1,6,0,5,3,11601,26,0,1,1,DDoS,Correct
1,4.011027652,57938,0,15553.42823,747938,9.359064521,92,0,11595,0,1,6,0,3,4,26,11607,0,0,0,BENIGN,Correct
0,47.03447627,80,0,136717.4639,85044,82.31033347,72,0,5840,0,1,6,0,4,3,11601,26,0,1,1,DDoS,Correct
0,9.75409916,80,0,22693.88711,512605,15.60655866,72,0,10135,0,1,6,0,5,3,11607,26,0,1,1,DDoS,Correct
0,41.96567208,53,0,7553.820974,23829,83.93134416,32,0,128,52,0,17,0,1,1,128,52,0,0,0,BENIGN,Correct
0,73.82035079,80,0,171750.4282,67732,118.1125613,72,0,5840,0,1,6,0,5,3,11607,26,0,1,1,DDoS,Correct
1,0.507930006,80,0,1184.188017,9843876,1.320618017,172,0,7300,0,0,6,0,5,8,11601,56,0,1,1,DDoS,Correct
1,0.124040182,54384,0,160.9076808,72557133,0.22051588,152,0,5840,0,0,6,0,9,7,62,11613,1,0,0,BENIGN,Correct
1,32258.06452,56183,0,387096.7742,31,64516.12903,20,0,6,6,0,6,0,1,1,6,6,1,0,0,BENIGN,Correct
0,3.080965066,80,0,5382.34969,10386356,5.199128549,712,0,9079,0,1,6,0,32,22,22569,33334,0,0,0,BENIGN,Correct
0,9.793280178,80,0,18987.53805,612665,14.68992027,72,0,8760,0,1,6,0,6,3,11607,26,0,1,1,DDoS,Correct
0,0.423234207,443,0,434.7047178,115775141,0.734181788,1160,0,2182,0,1,6,0,49,36,49144,1184,0,0,0,BENIGN,Correct
1,0.0,443,0,240000.0,50,40000.0,40,0,6,6,0,6,0,0,2,0,12,0,0,0,BENIGN,Correct
1,0.0,443,0,269767.4419,215,13953.48837,60,0,46,6,0,6,0,0,3,0,58,0,0,0,BENIGN,Correct
1,0.0,80,0,6.407117881,3745834,1.06785298,80,0,6,6,0,6,0,0,4,0,24,0,1,1,DDoS,Correct
0,1.346330811,52786,0,7830.933162,1485519,5.385323244,144,0,10135,0,1,6,0,2,6,26,11607,0,0,0,BENIGN,Correct
0,160.6296683,80,0,311273.5256,37353,240.9445024,72,0,5840,0,1,6,0,6,3,11601,26,0,1,1,DDoS,Correct
0,107.4373506,80,0,312293.5188,37231,188.0153635,72,0,8760,0,1,6,0,4,3,11601,26,0,1,1,DDoS,Correct
1,0.054701073,80,0,127.5300805,91405886,0.142222789,172,0,8760,0,0,6,0,5,8,11601,56,0,1,1,DDoS,Correct
0,40.29333548,53,0,6285.760335,49636,80.58667096,80,0,118,38,0,17,0,2,2,236,76,0,0,0,BENIGN,Correct
1,0.0,80,0,3.006767105,7981995,0.501127851,80,0,6,6,0,6,0,0,4,0,24,0,1,1,DDoS,Correct
1,0.0,80,0,5.762451577,4164894,0.960408596,80,0,6,6,0,6,0,0,4,0,24,0,1,1,DDoS,Correct
1,0.0,80,0,3.445189448,8707794,0.574198241,100,0,6,6,0,6,0,0,5,0,30,0,1,1,DDoS,Correct
1,0.0,80,0,12.17113591,2464848,2.028522651,100,0,6,6,0,6,0,0,5,0,30,0,1,1,DDoS,Correct
0,2.973380808,80,0,8647.334736,1345270,5.203416415,72,0,11595,0,1,6,0,4,3,11607,26,0,1,1,DDoS,Correct
1,0.0,80,0,7.668854761,3911927,1.27814246,100,0,6,6,0,6,0,0,5,0,30,0,1,1,DDoS,Correct
1,0.063685454,80,0,123.7302235,94213036,0.148599393,172,0,4380,0,0,6,0,6,8,11601,56,0,1,1,DDoS,Correct
1,0.040165032,80,0,117.1111911,99589116,0.120495095,172,0,11595,0,0,6,0,4,8,11607,56,0,1,1,DDoS,Correct
1,0.0,80,0,2.452284671,9786792,0.408714112,80,0,6,6,0,6,0,0,4,0,24,0,1,1,DDoS,Correct
0,13.70222775,80,0,26552.63368,437885,20.55334163,72,0,5840,0,1,6,0,6,3,11601,26,0,1,1,DDoS,Correct
1,0.0,80,0,91603.05344,131,15267.17557,40,0,6,6,0,6,0,0,2,0,12,0,0,0,BENIGN,Correct
1,78.51553299,40141,0,304300.034,38209,209.3747546,112,0,4380,0,1,6,0,3,5,26,11601,0,0,0,BENIGN,Correct
0,20.73613271,53,0,2343.182996,48225,41.47226542,32,0,75,38,0,17,0,1,1,75,38,0,0,0,BENIGN,Correct
0,3.400886271,80,0,9885.526168,1176164,5.951550974,72,0,8760,0,1,6,0,4,3,11601,26,0,1,1,DDoS,Correct
1,0.107578797,51973,0,139.4818871,83659608,0.191251195,152,0,5840,0,0,6,0,9,7,62,11607,1,0,0,BENIGN,Correct
1,0.05556302,80,0,129.6062993,89987910,0.144463851,172,0,8675,0,0,6,0,5,8,11607,56,0,1,1,DDoS,Correct
1,0.063800589,80,0,148.8212529,78369183,0.16588153,172,0,7215,0,0,6,0,5,8,11607,56,0,1,1,DDoS,Correct
1,0.0,80,0,6.76890725,3545624,1.128151208,80,0,6,6,0,6,0,0,4,0,24,0,1,1,DDoS,Correct
0,4.696467317,80,0,9105.667384,1277556,7.044700976,72,0,4380,0,1,6,0,6,3,11607,26,0,1,1,DDoS,Correct
0,7.863829921,80,0,22858.18762,508658,13.76170236,72,0,8760,0,1,6,0,4,3,11601,26,0,1,1,DDoS,Correct
1,0.0,80,0,3.80450629,9462463,0.634084382,120,0,6,6,0,6,0,0,6,0,36,0,1,1,DDoS,Correct
0,12.15409447,80,0,28263.13128,411384,19.44655115,72,0,4380,0,1,6,0,5,3,11601,26,0,1,1,DDoS,Correct
1,0.049948989,80,0,116.5110108,100102127,0.12986737,172,0,10135,0,0,6,0,5,8,11607,56,0,1,1,DDoS,Correct
1,0.0,80,0,19.15410676,1252995,3.192351127,80,0,6,6,0,6,0,0,4,0,24,0,1,1,DDoS,Correct
0,1.365115031,53,0,277.1183514,1465078,4.095345094,128,0,147,28,0,17,0,2,4,294,112,0,0,0,BENIGN,Correct
0,13.10418482,80,0,38110.24551,305246,22.93232344,72,0,11595,0,1,6,0,4,3,11607,26,0,1,1,DDoS,Correct
1,0.0,80,0,11.45064391,2095952,1.908440651,80,0,6,6,0,6,0,0,4,0,24,0,1,1,DDoS,Correct
1,0.0,80,0,3.42357184,8762778,0.570595307,100,0,6,6,0,6,0,0,5,0,30,0,1,1,DDoS,Correct
0,10752.68817,53,0,946236.5591,186,21505.37634,40,0,52,36,0,17,0,2,2,104,72,0,0,0,BENIGN,Correct
1,0.919453822,64007,0,6.620067521,5438011,1.103344587,20,0,6,6,0,6,0,5,1,30,6,1,0,0,BENIGN,Correct
1,0.049626002,80,0,115.6980601,100753634,0.129027604,172,0,7300,0,0,6,0,5,8,11601,56,0,1,1,DDoS,Correct
1,0.031409545,443,0,4.381631497,63674912,0.141342952,140,1,46,6,0,6,0,2,7,92,187,0,0,0,BENIGN,Correct
1,0.0,80,0,3.280595931,7315744,0.546765989,80,0,6,6,0,6,0,0,4,0,24,0,1,1,DDoS,Correct
0,4.499838456,80,0,10463.92435,1111151,7.199741529,72,0,4380,0,1,6,0,5,3,11601,26,0,1,1,DDoS,Correct
1,0.0,80,0,6.317699747,3798851,1.052949958,80,0,6,6,0,6,0,0,4,0,24,0,1,1,DDoS,Correct
0,30.10778587,53,0,4094.658879,66428,60.21557175,80,0,97,39,0,17,0,2,2,194,78,0,0,0,BENIGN,Correct
0,32.61684986,80,0,75847.22268,153295,52.18695978,72,0,5840,0,1,6,0,5,3,11601,26,0,1,1,DDoS,Correct
0,125.3384137,80,0,291612.3534,39892,200.5414619,72,0,7215,0,1,6,0,5,3,11607,26,0,1,1,DDoS,Correct
1,0.476801872,53194,0,3.432973481,10486536,0.572162247,20,0,6,6,0,6,0,5,1,30,6,1,0,0,BENIGN,Correct
0,6.903652624,80,0,11466.96701,1013956,9.862360891,72,0,2920,0,1,6,0,7,3,11601,26,0,1,1,DDoS,Correct
1,0.12625258,53810,0,163.7776523,71285672,0.224449031,152,0,5840,0,0,6,0,9,7,62,11613,1,0,0,BENIGN,Correct
0,0.824992794,443,0,607.3596947,6060659,2.309979822,296,0,1448,0,1,6,0,5,9,3007,674,0,0,0,BENIGN,Correct
1,3597.122302,58838,0,176258.9928,278,14388.48921,60,0,31,6,0,6,0,1,3,6,43,0,0,0,BENIGN,Correct
1,0.0,80,0,5.860884578,4094945,0.976814096,80,0,6,6,0,6,0,0,4,0,24,0,1,1,DDoS,Correct
1,0.0,80,0,4.149980766,8674739,0.691663461,120,0,6,6,0,6,0,0,6,0,36,0,1,1,DDoS,Correct
1,0.0,80,0,7989.347537,1502,1331.557923,40,0,6,6,0,6,0,0,2,0,12,0,0,0,BENIGN,Correct
0,5.618345772,80,0,10893.03606,1067930,8.427518658,72,0,5840,0,1,6,0,6,3,11607,26,0,1,1,DDoS,Correct
1,0.097829397,56646,0,126.8412484,91996887,0.152179062,112,0,8760,0,0,6,0,9,5,62,11607,1,0,0,BENIGN,Correct
0,32.20949053,80,0,93673.25082,124187,56.36660842,72,0,11595,0,1,6,0,4,3,11607,26,0,1,1,DDoS,Correct
1,0.0,80,0,47.14127454,509108,7.85687909,80,0,6,6,0,6,0,0,4,0,24,0,1,1,DDoS,Correct
0,1.140416868,80,0,707.4385971,5261234,1.90069478,92,0,1460,0,1,6,0,6,4,3431,291,0,0,0,BENIGN,Correct
1,0.422372746,37410,0,118.1798945,11837885,0.506847296,20,1,1375,0,0,6,0,5,1,24,1375,1,0,0,BENIGN,Correct
0,0.027271681,80,0,16.15392588,110004219,0.072724483,112,0,1619,0,1,6,0,3,5,1625,152,0,0,0,BENIGN,Correct
0,185.4714065,80,0,359412.6739,32350,278.2071097,72,0,5840,0,1,6,0,6,3,11601,26,0,1,1,DDoS,Correct
0,3.658503123,80,0,7089.569303,1640015,5.487754685,72,0,4380,0,1,6,0,6,3,11601,26,0,1,1,DDoS,Correct
1,0.0,80,0,3.684666714,8141849,0.614111119,100,0,6,6,0,6,0,0,5,0,30,0,1,1,DDoS,Correct
0,4.896119042,80,0,11385.43522,1021217,7.833790468,72,0,7300,0,1,6,0,5,3,11601,26,0,1,1,DDoS,Correct
1,42.18163412,443,0,759.2694141,23707,126.5449023,40,0,6,6,0,6,0,1,2,6,12,1,0,0,BENIGN,Correct
0,4.832589437,80,0,11243.50258,1034642,7.732143099,72,0,7215,0,1,6,0,5,3,11607,26,0,1,1,DDoS,Correct
1,0.041917536,80,0,122.1581797,95425456,0.125752608,172,0,7215,0,0,6,0,4,8,11601,56,0,1,1,DDoS,Correct
0,151.7128379,80,0,352793.0333,32957,242.7405407,72,0,4380,0,1,6,0,5,3,11601,26,0,1,1,DDoS,Correct
1,0.0,80,0,7.317211484,3279938,1.219535247,80,0,6,6,0,6,0,0,4,0,24,0,1,1,DDoS,Correct
0,9615.384615,53,0,1288461.538,208,19230.76923,64,0,102,32,0,17,0,2,2,204,64,0,0,0,BENIGN,Correct
0,11.51951636,80,0,26801.30677,434046,18.43122618,72,0,10135,0,1,6,0,5,3,11607,26,0,1,1,DDoS,Correct
0,1.338747227,63174,0,7786.823247,1493934,5.354988908,144,0,8760,0,1,6,0,2,6,26,11607,0,0,0,BENIGN,Correct
0,4.810861,80,0,13991.1865,831452,8.41900675,72,0,11595,0,1,6,0,4,3,11607,26,0,1,1,DDoS,Correct
1,0.0,80,0,2.99020737,10032749,0.498367895,100,0,6,6,0,6,0,0,5,0,30,0,1,1,DDoS,Correct
1,0.79531401,24250,0,5.726260871,6286825,0.954376812,20,0,6,6,0,6,0,5,1,30,6,1,0,0,BENIGN,Correct
0,10362.6943,53,0,1512953.368,193,20725.3886,40,0,105,41,0,17,0,2,2,210,82,0,0,0,BENIGN,Correct
1,0.0,80,0,4.913172974,4884827,0.818862162,80,0,6,6,0,6,0,0,4,0,24,0,1,1,DDoS,Correct
0,4.117222258,80,0,9579.129306,1214411,6.587555613,72,0,10135,0,1,6,0,5,3,11607,26,0,1,1,DDoS,Correct
1,0.049762097,80,0,116.0153538,100478080,0.129381453,172,0,5840,0,0,6,0,5,8,11601,56,0,1,1,DDoS,Correct
0,0.136113753,443,0,52.72706498,117548739,0.263720396,312,0,1430,0,1,6,0,16,15,5122,1076,0,0,0,BENIGN,Correct
0,63.41857847,80,0,184437.0808,63073,110.9825123,72,0,11595,0,1,6,0,4,3,11607,26,0,1,1,DDoS,Correct
1,0.0,443,0,122448.9796,98,20408.16327,40,0,6,6,0,6,0,0,2,0,12,0,0,0,BENIGN,Correct
0,2.654358935,80,0,6175.631499,1883694,4.246974296,72,0,7300,0,1,6,0,5,3,11607,26,0,1,1,DDoS,Correct
0,3.97826541,80,0,7713.193586,1508195,5.967398115,72,0,5840,0,1,6,0,6,3,11607,26,0,1,1,DDoS,Correct
1,0.0,80,0,20.20185015,1188010,3.366975025,80,0,6,6,0,6,0,0,4,0,24,0,1,1,DDoS,Correct
0,0.48215752,80,0,310.0272853,10370055,0.867883536,92,0,1460,0,1,6,0,5,4,2756,459,0,0,0,BENIGN,Correct
1,0.0,80,0,3.453137244,8687752,0.575522874,100,0,6,6,0,6,0,0,5,0,30,0,1,1,DDoS,Correct
1,0.0,80,0,3.027311496,9909783,0.504551916,100,0,6,6,0,6,0,0,5,0,30,0,1,1,DDoS,Correct
0,0.10204356,443,0,38.87009275,117596838,0.20408712,252,0,1460,0,1,6,0,12,12,3958,613,0,0,0,BENIGN,Correct
0,42.34148407,80,0,82093.0807,141705,63.5122261,72,0,4380,0,1,6,0,6,3,11607,26,0,1,1,DDoS,Correct
0,11.71577529,53,0,1886.239822,85355,23.43155058,20,0,111,50,0,17,0,1,1,111,50,0,0,0,BENIGN,Correct
0,41.75365344,53,0,6638.830898,23950,83.50730689,32,0,112,47,0,17,0,1,1,112,47,0,0,0,BENIGN,Correct
1,0.075171441,80,0,146.1207521,79817547,0.175400028,172,0,5840,0,0,6,0,6,8,11607,56,0,1,1,DDoS,Correct
0,60.7127679,123,0,5828.425718,16471,121.4255358,32,0,48,48,0,17,0,1,1,48,48,0,0,0,BENIGN,Correct
1,0.050879216,80,0,148.2747564,78617563,0.152637649,172,0,8760,0,0,6,0,4,8,11601,56,0,1,1,DDoS,Correct
0,4.489253177,80,0,10444.69644,1113771,7.182805083,72,0,7215,0,1,6,0,5,3,11607,26,0,1,1,DDoS,Correct
0,18.20333121,53,0,3640.666242,109870,54.60999363,104,0,106,47,0,17,0,2,4,212,188,0,0,0,BENIGN,Correct
1,0.03988412,80,0,116.2322964,100290542,0.11965236,172,0,8675,0,0,6,0,4,8,11601,56,0,1,1,DDoS,Correct
1,0.0,80,0,3.063546533,9792572,0.510591089,100,0,6,6,0,6,0,0,5,0,30,0,1,1,DDoS,Correct
1,0.074175355,80,0,144.1845267,80889401,0.185438386,192,0,4380,0,0,6,0,6,9,11601,62,0,1,1,DDoS,Correct
0,23.66975952,53,0,6580.193145,42248,47.33951903,32,0,180,98,0,17,0,1,1,180,98,0,0,0,BENIGN,Correct
0,4.481717394,80,0,13033.95461,892515,7.84300544,72,0,11595,0,1,6,0,4,3,11607,26,0,1,1,DDoS,Correct
1,0.0,80,0,2.508632623,11958706,0.418105437,100,0,6,6,0,6,0,0,5,0,30,0,1,1,DDoS,Correct
0,5.317344433,80,0,12364.95274,940319,8.507751093,72,0,5840,0,1,6,0,5,3,11601,26,0,1,1,DDoS,Correct
1,0.0,80,0,9.24519173,2595944,1.540865288,80,0,6,6,0,6,0,0,4,0,24,0,1,1,DDoS,Correct
1,0.0,80,0,8.959158556,2678823,1.493193093,80,0,6,6,0,6,0,0,4,0,24,0,1,1,DDoS,Correct
0,1.37091897,443,0,1087.334589,5106064,2.74183794,152,0,1955,0,1,6,0,7,7,5200,352,0,0,0,BENIGN,Correct
0,37.88366684,80,0,88140.13926,131983,60.61386694,72,0,7215,0,1,6,0,5,3,11607,26,0,1,1,DDoS,Correct
0,3.279977215,80,0,6356.04918,1829281,4.919965823,72,0,4380,0,1,6,0,6,3,11601,26,0,1,1,DDoS,Correct
1,1.193257902,62677,0,8.591456894,4190209,1.431909482,20,0,6,6,0,6,0,5,1,30,6,1,0,0,BENIGN,Correct
1,0.0,80,0,2.980114885,10066726,0.496685814,100,0,6,6,0,6,0,0,5,0,30,0,1,1,DDoS,Correct
0,5.050747384,51907,0,29362.51992,395981,22.72836323,164,0,4380,0,1,6,0,2,7,26,11601,0,0,0,BENIGN,Correct
0,0.832623348,80,0,562.8533836,4804093,1.45709086,72,0,2266,0,1,6,0,4,3,2278,426,0,0,0,BENIGN,Correct
1,1.763475599,63729,0,12.69702431,2835310,2.116170719,20,0,6,6,0,6,0,5,1,30,6,1,0,0,BENIGN,Correct
1,4.456177064,62148,0,1246.838342,1122038,5.347412476,20,1,1375,0,0,6,0,5,1,24,1375,1,0,0,BENIGN,Correct
1,0.0,80,0,6.36791792,4711116,1.061319653,100,0,6,6,0,6,0,0,5,0,30,0,1,1,DDoS,Correct
1,0.0,80,0,34.96605379,857975,5.827675632,100,0,6,6,0,6,0,0,5,0,30,0,1,1,DDoS,Correct
0,8.017265984,80,0,18652.97104,623654,12.82762557,72,0,7300,0,1,6,0,5,3,11607,26,0,1,1,DDoS,Correct
0,7.705570164,80,0,22398.16607,519105,13.48474779,72,0,8760,0,1,6,0,4,3,11601,26,0,1,1,DDoS,Correct
0,1.599528587,80,0,420.6760184,3125921,2.879151456,104,0,860,0,1,6,0,5,4,872,443,0,0,0,BENIGN,Correct
1,0.122544,54855,0,158.9668005,73443008,0.217856001,152,0,4380,0,0,6,0,9,7,62,11613,1,0,0,BENIGN,Correct
0,42.67303917,53,0,7723.82009,23434,85.34607835,32,0,117,64,0,17,0,1,1,117,64,0,0,0,BENIGN,Correct
1,0.0,80,0,4.239781702,7075836,0.706630284,100,0,6,6,0,6,0,0,5,0,30,0,1,1,DDoS,Correct
0,67.81316118,80,0,157774.1008,73732,108.5010579,72,0,7300,0,1,6,0,5,3,11607,26,0,1,1,DDoS,Correct
0,2487.562189,53,0,597014.9254,402,4975.124378,32,0,159,81,0,17,0,1,1,159,81,0,0,0,BENIGN,Correct
1,0.0,80,0,4.93027158,4867886,0.82171193,80,0,6,6,0,6,0,0,4,0,24,0,1,1,DDoS,Correct
1,0.0,80,0,8.396846145,3572770,1.399474357,100,0,6,6,0,6,0,0,5,0,30,0,1,1,DDoS,Correct
1,15873.01587,55492,0,190476.1905,63,31746.03175,20,0,6,6,0,6,0,1,1,6,6,1,0,0,BENIGN,Correct
0,10869.56522,53,0,2282608.696,184,21739.13043,40,0,169,41,0,17,0,2,2,338,82,0,0,0,BENIGN,Correct
1,0.0,80,0,3.488917744,8598655,0.581486291,100,0,6,6,0,6,0,0,5,0,30,0,1,1,DDoS,Correct
0,4.593846543,80,0,13360.05421,870730,8.039231449,72,0,11595,0,1,6,0,4,3,11607,26,0,1,1,DDoS,Correct
1,0.0,80,0,0.0,410,4878.04878,64,0,0,0,0,6,0,0,2,0,0,0,0,0,BENIGN,Correct
1,0.049252469,80,0,143.6078877,81214202,0.147757408,172,0,11595,0,0,6,0,4,8,11607,56,0,1,1,DDoS,Correct
1,16.01794009,443,0,832.9328848,62430,32.03588019,20,1,46,6,0,6,0,1,1,6,46,1,0,0,BENIGN,Correct
0,6.140597578,80,0,14279.34561,814253,9.824956125,72,0,7300,0,1,6,0,5,3,11601,26,0,1,1,DDoS,Correct
1,0.645141104,27486,0,4.515987726,9300291,0.752664621,20,0,6,6,0,6,0,6,1,36,6,1,0,0,BENIGN,Correct
0,4.767330438,80,0,13864.58875,839044,8.342828266,72,0,11595,0,1,6,0,4,3,11607,26,0,1,1,DDoS,Correct
1,0.061014905,80,0,118.6028071,98336627,0.142368113,172,0,5840,0,0,6,0,6,8,11607,56,0,1,1,DDoS,Correct
0,1.791986238,55503,0,10423.08795,1116080,8.063938069,164,0,5840,0,1,6,0,2,7,26,11607,0,0,0,BENIGN,Correct
0,4.456452107,80,0,12960.47684,897575,7.798791187,72,0,11595,0,1,6,0,4,3,11607,26,0,1,1,DDoS,Correct
0,174.2828262,80,0,405277.284,28689,278.8525219,72,0,8760,0,1,6,0,5,3,11601,26,0,1,1,DDoS,Correct
1,0.0,80,0,3.199141777,7502012,0.533190296,80,0,6,6,0,6,0,0,4,0,24,0,1,1,DDoS,Correct
0,0.436228924,443,0,226.1535381,32093241,0.778980222,232,0,1460,0,1,6,0,14,11,5264,1994,0,0,0,BENIGN,Correct
0,4.012139128,80,0,9334.642896,1246218,6.419422605,72,0,7300,0,1,6,0,5,3,11607,26,0,1,1,DDoS,Correct
1,5.107262732,53714,0,36.77229167,978998,6.128715278,20,0,6,6,0,6,0,5,1,30,6,1,0,0,BENIGN,Correct
0,40.5728892,53,0,4138.434698,49294,81.14577839,64,0,62,40,0,17,0,2,2,124,80,0,0,0,BENIGN,Correct
0,21.70339061,80,0,63086.33066,184303,37.98093357,72,0,8760,0,1,6,0,4,3,11601,26,0,1,1,DDoS,Correct
1,0.061621912,80,0,143.7392711,81139969,0.16021697,172,0,5840,0,0,6,0,5,8,11607,56,0,1,1,DDoS,Correct
1,0.0,80,0,2.432893943,9864795,0.405482324,80,0,6,6,0,6,0,0,4,0,24,0,1,1,DDoS,Correct
1,0.908817603,53025,0,6.543486741,5501654,1.090581123,20,0,6,6,0,6,0,5,1,30,6,1,0,0,BENIGN,Correct
0,12048.19277,53,0,2000000.0,166,24096.38554,40,0,111,55,0,17,0,2,2,222,110,0,0,0,BENIGN,Correct
1,0.0,80,0,3.194964055,9389777,0.532494009,100,0,6,6,0,6,0,0,5,0,30,0,1,1,DDoS,Correct
0,0.36128137,443,0,163.8246796,30447183,0.656875219,192,0,1460,0,1,6,0,11,9,3791,1197,0,0,0,BENIGN,Correct
1,0.050899161,80,0,118.6663043,98233446,0.132337819,172,0,7300,0,0,6,0,5,8,11601,56,0,1,1,DDoS,Correct
0,3.333933441,80,0,6460.607354,1799676,5.000900162,72,0,4380,0,1,6,0,6,3,11601,26,0,1,1,DDoS,Correct
1,0.43527841,62498,0,121.790899,11486901,0.522334092,20,1,1375,0,0,6,0,5,1,24,1375,1,0,0,BENIGN,Correct
0,19.23964907,53,0,4194.243497,51976,38.47929814,32,0,161,57,0,17,0,1,1,161,57,0,0,0,BENIGN,Correct
0,32.57753453,53,0,3974.459213,30696,65.15506906,32,0,77,45,0,17,0,1,1,77,45,0,0,0,BENIGN,Correct
0,2.775444862,80,0,6454.019483,1801513,4.440711779,72,0,4380,0,1,6,0,5,3,11601,26,0,1,1,DDoS,Correct
0,7604.562738,53,0,2448669.202,263,15209.12548,40,0,289,33,0,17,0,2,2,578,66,0,0,0,BENIGN,Correct
0,32.27524327,53,0,2904.771895,61967,64.55048655,40,0,61,29,0,17,0,2,2,122,58,0,0,0,BENIGN,Correct
0,7067.137809,53,0,1137809.187,283,14134.27562,80,0,129,32,0,17,0,2,2,258,64,0,0,0,BENIGN,Correct
0,9.667440062,53,0,792.7300851,206880,19.33488012,40,0,49,33,0,17,0,2,2,98,66,0,0,0,BENIGN,Correct
1,0.0,80,0,7.086077835,3386923,1.181012973,80,0,6,6,0,6,0,0,4,0,24,0,1,1,DDoS,Correct
0,8.380473497,53,0,1759.899434,119325,16.76094699,20,0,161,49,0,17,0,1,1,161,49,0,0,0,BENIGN,Correct
0,4.152485927,80,0,9661.173758,1204098,6.643977484,72,0,7300,0,1,6,0,5,3,11607,26,0,1,1,DDoS,Correct
0,83.95953151,53,0,8395.953151,23821,167.919063,40,0,66,34,0,17,0,2,2,132,68,0,0,0,BENIGN,Correct
1,0.0,80,0,6.717179859,3572928,1.119529977,80,0,6,6,0,6,0,0,4,0,24,0,1,1,DDoS,Correct
1,0.088515499,64211,0,128.1704432,101677108,0.157360888,152,1,7300,0,0,6,0,9,7,56,12976,1,0,0,BENIGN,Correct
0,166.5057111,80,0,387192.3807,30029,266.4091378,72,0,5755,0,1,6,0,5,3,11601,26,0,1,1,DDoS,Correct
1,0.0,80,0,3.979015336,6031643,0.663169223,80,0,6,6,0,6,0,0,4,0,24,0,1,1,DDoS,Correct
1,0.0,80,0,7.210548744,4160571,1.201758124,100,0,6,6,0,6,0,0,5,0,30,0,1,1,DDoS,Correct
0,12.66584339,80,0,36816.44026,315810,22.16522593,72,0,7215,0,1,6,0,4,3,11601,26,0,1,1,DDoS,Correct
0,20.86136579,53,0,2565.947993,95871,62.58409738,80,0,61,31,0,17,0,2,4,122,124,0,0,0,BENIGN,Correct
1,0.987799686,36542,0,231.3097598,6074106,1.152432967,20,1,1375,0,0,6,0,6,1,30,1375,1,0,0,BENIGN,Correct
1,0.0,80,0,4.040512876,7424800,0.673418813,100,0,6,6,0,6,0,0,5,0,30,0,1,1,DDoS,Correct
1,33.83484086,22960,0,131200.2346,88666,78.94796201,92,0,11595,0,1,6,0,3,4,26,11607,0,0,0,BENIGN,Correct
0,3.348797335,80,0,6492.7599,1791688,5.023196003,72,0,5755,0,1,6,0,6,3,11607,26,0,1,1,DDoS,Correct
0,18.96390694,80,0,55151.78237,210927,33.18683715,72,0,11595,0,1,6,0,4,3,11607,26,0,1,1,DDoS,Correct
0,107.4787282,80,0,208383.3408,55825,161.2180923,72,0,4380,0,1,6,0,6,3,11607,26,0,1,1,DDoS,Correct
0,7299.270073,53,0,978102.1898,274,14598.54015,64,0,102,32,0,17,0,2,2,204,64,0,0,0,BENIGN,Correct
0,0.836360121,443,0,563.0376332,5978286,2.341808338,296,0,1491,0,1,6,0,5,9,2990,376,0,0,0,BENIGN,Correct
1,0.098051219,56691,0,127.1288527,91788762,0.152524118,112,0,8675,0,0,6,0,9,5,62,11607,1,0,0,BENIGN,Correct
1,0.596047727,63850,0,4.172334087,10066308,0.695389015,20,0,6,6,0,6,0,6,1,36,6,1,0,0,BENIGN,Correct
1,0.704768818,52211,0,5.074335491,7094525,0.845722582,20,0,6,6,0,6,0,5,1,30,6,1,0,0,BENIGN,Correct
0,41.77458434,53,0,8104.269363,23938,83.54916869,20,0,132,62,0,17,0,1,1,132,62,0,0,0,BENIGN,Correct
0,3.888802039,80,0,9047.686824,1285743,6.222083262,72,0,7300,0,1,6,0,5,3,11607,26,0,1,1,DDoS,Correct
1,0.0,80,0,2.561103446,11713701,0.426850574,100,0,6,6,0,6,0,0,5,0,30,0,1,1,DDoS,Correct
1,0.0,80,0,1424.366157,21062,237.3943595,100,0,6,6,0,6,0,0,5,0,30,0,1,1,DDoS,Correct
0,138.8262243,80,0,403533.1274,28813,242.9458925,72,0,10135,0,1,6,0,4,3,11601,26,0,1,1,DDoS,Correct
0,201.4842674,80,0,390644.4138,29779,302.2264012,72,0,5840,0,1,6,0,6,3,11607,26,0,1,1,DDoS,Correct
0,3.355858602,80,0,6503.094661,1787918,5.033787903,72,0,5840,0,1,6,0,6,3,11601,26,0,1,1,DDoS,Correct
0,52.00694813,80,0,120999.3655,96141,83.21111701,72,0,8675,0,1,6,0,5,3,11607,26,0,1,1,DDoS,Correct
1,0.043717928,80,0,127.4705493,91495644,0.131153785,172,0,11595,0,0,6,0,4,8,11607,56,0,1,1,DDoS,Correct
0,6.885645495,80,0,1526.318085,435689,13.77129099,104,0,665,0,1,6,0,3,3,0,665,0,0,0,BENIGN,Correct
1,0.0,80,0,3.083001808,9730776,0.513833635,100,0,6,6,0,6,0,0,5,0,30,0,1,1,DDoS,Correct
0,12.54913772,80,0,36477.20606,318747,21.96099101,72,0,7215,0,1,6,0,4,3,11601,26,0,1,1,DDoS,Correct
0,5.359372739,80,0,12469.11661,932945,8.574996382,72,0,5840,0,1,6,0,5,3,11607,26,0,1,1,DDoS,Correct
0,41.88481675,53,0,11476.43979,23875,83.76963351,32,0,223,51,0,17,0,1,1,223,51,0,0,0,BENIGN,Correct
0,28.62581762,53,0,4351.124279,69867,85.87745287,80,0,88,32,0,17,0,2,4,176,128,0,0,0,BENIGN,Correct
1,4.808524552,80,0,57.70229463,207964,9.617049105,20,0,6,6,0,6,0,1,1,6,6,1,0,0,BENIGN,Correct
1,0.0,80,0,5.470597181,5483862,0.911766197,100,0,6,6,0,6,0,0,5,0,30,0,1,1,DDoS,Correct
0,22.89398255,80,0,53265.13979,218398,36.63037207,72,0,10135,0,1,6,0,5,3,11607,26,0,1,1,DDoS,Correct
1,0.0,80,0,2.928045621,10245742,0.488007604,100,0,6,6,0,6,0,0,5,0,30,0,1,1,DDoS,Correct
1,0.078611746,80,0,152.7295204,76324472,0.183427407,172,0,4380,0,0,6,0,6,8,11601,56,0,1,1,DDoS,Correct
0,2.82939378,80,0,4230.509579,5301489,4.904282552,232,0,3053,0,1,6,0,15,11,22045,383,0,0,0,BENIGN,Correct
0,26.91065662,80,0,62610.33369,185800,43.05705059,72,0,10135,0,1,6,0,5,3,11607,26,0,1,1,DDoS,Correct
1,0.0,59451,0,12000000.0,1,2000000.0,40,0,6,6,0,6,0,0,2,0,12,0,0,0,BENIGN,Correct
0,6.406814801,80,0,14898.40714,780419,10.25090368,72,0,5840,0,1,6,0,5,3,11601,26,0,1,1,DDoS,Correct
1,0.0,80,0,10.81487565,2773957,1.802479274,100,0,6,6,0,6,0,0,5,0,30,0,1,1,DDoS,Correct
0,6.278439368,80,0,18259.27129,637101,10.98726889,72,0,11595,0,1,6,0,4,3,11607,26,0,1,1,DDoS,Correct
0,0.439647513,49666,0,227.8002186,31843692,0.973505208,364,0,1749,0,1,6,0,14,17,2030,5224,0,0,0,BENIGN,Correct
1,0.0,80,0,18.91312571,1268960,3.152187618,80,0,6,6,0,6,0,0,4,0,24,0,1,1,DDoS,Correct
1,0.0,80,0,5.806207378,5166884,0.96770123,100,0,6,6,0,6,0,0,5,0,30,0,1,1,DDoS,Correct
1,0.0,80,0,4.171033942,5753969,0.695172324,80,0,6,6,0,6,0,0,4,0,24,0,1,1,DDoS,Correct
1,152.6018617,56099,0,7630.093087,6553,457.8055852,40,1,38,6,0,6,0,1,2,6,44,0,0,0,BENIGN,Correct
1,12048.19277,9570,0,144578.3133,83,24096.38554,20,0,6,6,0,6,0,1,1,6,6,1,0,0,BENIGN,Correct
1,0.0,443,0,3715.142563,22341,134.2822613,60,1,46,6,0,6,0,0,3,0,83,0,0,0,BENIGN,Correct
0,5.720516174,80,0,13302.48831,874047,9.152825878,72,0,5840,0,1,6,0,5,3,11601,26,0,1,1,DDoS,Correct
1,0.049869327,80,0,145.3316856,80209625,0.14960798,172,0,8760,0,0,6,0,4,8,11601,56,0,1,1,DDoS,Correct
1,0.10993197,64700,0,142.5329064,81868814,0.195434613,152,0,5840,0,0,6,0,9,7,62,11607,1,0,0,BENIGN,Correct
0,2.807138891,80,0,6527.720777,1781173,4.491422226,72,0,5840,0,1,6,0,5,3,11601,26,0,1,1,DDoS,Correct
0,8064.516129,53,0,1080645.161,248,16129.03226,40,0,102,32,0,17,0,2,2,204,64,0,0,0,BENIGN,Correct
0,10050.25126,53,0,1155778.894,199,20100.50251,80,0,82,33,0,17,0,2,2,164,66,0,0,0,BENIGN,Correct
0,371.0964851,443,0,730135.8353,142820,700.1820473,1212,0,4344,0,1,6,0,53,47,102959,1319,0,0,0,BENIGN,Correct
0,1.144512435,49641,0,6653.62304,1747469,4.005793522,124,0,7300,0,1,6,0,2,5,26,11601,0,0,0,BENIGN,Correct
1,0.051068212,80,0,148.9021381,78326612,0.153204635,172,0,11595,0,0,6,0,4,8,11607,56,0,1,1,DDoS,Correct
0,8.569494314,80,0,2337.329574,466772,14.99661505,104,0,670,0,1,6,0,4,3,421,670,0,0,0,BENIGN,Correct
0,186.9333583,80,0,362245.6927,32097,280.4000374,72,0,5840,0,1,6,0,6,3,11601,26,0,1,1,DDoS,Correct
1,0.0,80,0,51.6259596,581103,8.6043266,100,0,6,6,0,6,0,0,5,0,30,0,1,1,DDoS,Correct
1,0.0,80,0,4.217442329,7113316,0.702907055,100,0,6,6,0,6,0,0,5,0,30,0,1,1,DDoS,Correct
0,24.95570363,443,0,299.4684435,40071,99.8228145,72,0,6,0,1,6,0,1,3,0,12,0,0,0,BENIGN,Correct
1,0.0,80,0,3.186244346,7532379,0.531040724,80,0,6,6,0,6,0,0,4,0,24,0,1,1,DDoS,Correct
1,0.0,80,0,2.905618607,8259859,0.484269768,80,0,6,6,0,6,0,0,4,0,24,0,1,1,DDoS,Correct
1,0.442950618,62175,0,3.18924445,11287940,0.531540742,20,0,6,6,0,6,0,5,1,30,6,1,0,0,BENIGN,Correct
1,0.088282035,64261,0,127.8912416,101945996,0.15694584,152,1,5840,0,0,6,0,9,7,56,12982,1,0,0,BENIGN,Correct
1,0.0,80,0,5.108234116,5872871,0.851372353,100,0,6,6,0,6,0,0,5,0,30,0,1,1,DDoS,Correct
1,0.059039063,80,0,114.7620977,101627630,0.137757813,172,0,5840,0,0,6,0,6,8,11607,56,0,1,1,DDoS,Correct
0,148.4670774,80,0,287704.4515,40413,222.7006161,72,0,5840,0,1,6,0,6,3,11601,26,0,1,1,DDoS,Correct
1,0.0,80,0,7.474012857,4013908,1.24566881,100,0,6,6,0,6,0,0,5,0,30,0,1,1,DDoS,Correct
1,55555.55556,56422,0,666666.6667,18,111111.1111,20,0,6,6,0,6,0,1,1,6,6,1,0,0,BENIGN,Correct
1,0.0,80,0,3.934537816,6099827,0.655756303,80,0,6,6,0,6,0,0,4,0,24,0,1,1,DDoS,Correct
1,0.0,80,0,3.406929832,8805582,0.567821639,100,0,6,6,0,6,0,0,5,0,30,0,1,1,DDoS,Correct
1,23.74169041,80,0,0.0,42120,47.48338082,32,0,0,0,0,6,0,1,1,0,0,1,0,0,BENIGN,Correct
0,5.165929661,80,0,12012.85283,967880,8.265487457,72,0,4380,0,1,6,0,5,3,11601,26,0,1,1,DDoS,Correct
0,64.48180807,80,0,187432.4956,62033,112.8431641,72,0,8760,0,1,6,0,4,3,11601,26,0,1,1,DDoS,Correct
0,16.29719566,80,0,5223.251209,245441,28.52009241,104,0,997,0,1,6,0,4,3,997,285,0,0,0,BENIGN,Correct
0,6.984866123,80,0,13542.49127,859000,10.47729919,72,0,5840,0,1,6,0,6,3,11607,26,0,1,1,DDoS,Correct
0,161.3618944,80,0,469038.6865,24789,282.3833152,72,0,8760,0,1,6,0,4,3,11601,26,0,1,1,DDoS,Correct
1,0.0,80,0,7.720189453,3885915,1.286698242,100,0,6,6,0,6,0,0,5,0,30,0,1,1,DDoS,Correct
1,1.343300022,33056,0,9.403100157,4466612,1.56718336,20,0,6,6,0,6,0,6,1,36,6,1,0,0,BENIGN,Correct
1,0.0,80,0,6.44896536,4651909,1.07482756,100,0,6,6,0,6,0,0,5,0,30,0,1,1,DDoS,Correct
1,0.0,80,0,14.38861343,2084982,2.398102238,100,0,6,6,0,6,0,0,5,0,30,0,1,1,DDoS,Correct
0,3.659740729,80,0,8514.752781,1366217,5.855585167,72,0,10135,0,1,6,0,5,3,11607,26,0,1,1,DDoS,Correct
0,42.09640076,53,0,7619.448537,23755,84.19280152,32,0,117,64,0,17,0,1,1,117,64,0,0,0,BENIGN,Correct
1,0.0,80,0,3.100338583,7741090,0.516723097,80,0,6,6,0,6,0,0,4,0,24,0,1,1,DDoS,Correct
1,0.048798599,80,0,142.284514,81969567,0.146395796,172,0,11595,0,0,6,0,4,8,11607,56,0,1,1,DDoS,Correct
1,0.0,80,0,3.13943256,9555867,0.52323876,100,0,6,6,0,6,0,0,5,0,30,0,1,1,DDoS,Correct
1,0.0,80,0,6.887207288,4355902,1.147867881,100,0,6,6,0,6,0,0,5,0,30,0,1,1,DDoS,Correct
0,11.10508968,80,0,25837.10166,450244,17.7681435,72,0,7215,0,1,6,0,5,3,11607,26,0,1,1,DDoS,Correct
1,0.467073076,55547,0,3.362926149,10704963,0.560487692,20,0,6,6,0,6,0,5,1,30,6,1,0,0,BENIGN,Correct
0,4.059226826,80,0,7870.164277,1478114,6.088840238,72,0,4380,0,1,6,0,6,3,11607,26,0,1,1,DDoS,Correct
0,0.178748364,443,0,75.45734492,117483593,0.3489849,412,0,1430,0,1,6,0,21,20,6980,1885,0,0,0,BENIGN,Correct
0,78.81462799,53,0,11901.00883,25376,157.629256,40,0,120,31,0,17,0,2,2,240,62,0,0,0,BENIGN,Correct
0,0.9003007,53,0,177.8093883,2221480,1.800601401,64,0,156,45,0,17,0,2,2,286,109,0,0,0,BENIGN,Correct
0,174.9413946,80,0,407018.6488,28581,279.9062314,72,0,7215,0,1,6,0,5,3,11607,26,0,1,1,DDoS,Correct
0,46.29415305,80,0,107707.9765,108005,74.07064488,72,0,10135,0,1,6,0,5,3,11607,26,0,1,1,DDoS,Correct
1,0.0,80,0,188.1597351,159439,31.35995585,100,0,6,6,0,6,0,0,5,0,30,0,1,1,DDoS,Correct
1,0.0,80,0,17.48081626,1716167,2.913469377,100,0,6,6,0,6,0,0,5,0,30,0,1,1,DDoS,Correct
0,39.53162926,80,0,91974.28863,126481,63.25060681,72,0,10135,0,1,6,0,5,3,11607,26,0,1,1,DDoS,Correct
1,0.0,80,0,3.057775132,7848844,0.509629189,80,0,6,6,0,6,0,0,4,0,24,0,1,1,DDoS,Correct
0,5.701442807,80,0,13258.1351,876971,9.122308491,72,0,7300,0,1,6,0,5,3,11601,26,0,1,1,DDoS,Correct
1,0.0,80,0,4.939102512,6073978,0.823183752,100,0,6,6,0,6,0,0,5,0,30,0,1,1,DDoS,Correct
0,232.8559786,80,0,451236.0772,25767,349.2839679,72,0,5840,0,1,6,0,6,3,11601,26,0,1,1,DDoS,Correct
1,0.0,443,0,76923.07692,156,12820.51282,40,0,6,6,0,6,0,0,2,0,12,0,0,0,BENIGN,Correct
1,0.452288535,34494,0,3.25647745,11054890,0.542746242,20,0,6,6,0,6,0,5,1,30,6,1,0,0,BENIGN,Correct
1,0.040706181,80,0,118.627988,98265175,0.122118543,172,0,8675,0,0,6,0,4,8,11601,56,0,1,1,DDoS,Correct
0,4.267354906,80,0,9928.427924,1171686,6.827767849,72,0,10135,0,1,6,0,5,3,11607,26,0,1,1,DDoS,Correct
1,0.0,80,0,0.0,5719,349.711488,64,0,0,0,0,6,0,0,2,0,0,0,0,0,BENIGN,Correct
0,6.133646013,80,0,11885.9837,978211,9.200469019,72,0,4380,0,1,6,0,6,3,11601,26,0,1,1,DDoS,Correct
0,112.4796131,80,0,326950.1153,35562,196.8393229,72,0,8760,0,1,6,0,4,3,11601,26,0,1,1,DDoS,Correct
1,0.0,80,0,3.845604738,6240891,0.640934123,80,0,6,6,0,6,0,0,4,0,24,0,1,1,DDoS,Correct
0,42.64028654,53,0,4519.870374,23452,85.28057309,20,0,61,45,0,17,0,1,1,61,45,0,0,0,BENIGN,Correct
1,0.061360252,80,0,119.2741029,97783171,0.15340063,192,0,4380,0,0,6,0,6,9,11601,62,0,1,1,DDoS,Correct
0,6.145743228,80,0,17873.35774,650857,10.75505065,72,0,11595,0,1,6,0,4,3,11607,26,0,1,1,DDoS,Correct
0,63.24510641,53,0,5059.608513,31623,126.4902128,64,0,48,32,0,17,0,2,2,96,64,0,0,0,BENIGN,Correct
0,3.563770707,80,0,6905.993668,1683610,5.34565606,72,0,4380,0,1,6,0,6,3,11601,26,0,1,1,DDoS,Correct
0,2.682096949,80,0,6240.166762,1864213,4.291355119,72,0,5840,0,1,6,0,5,3,11607,26,0,1,1,DDoS,Correct
0,8.080599128,80,0,18790.62521,618766,11.31283878,52,0,10220,0,1,6,0,5,2,11607,20,0,1,1,DDoS,Correct
1,0.0,80,0,2.676539827,8966801,0.446089971,80,0,6,6,0,6,0,0,4,0,24,0,1,1,DDoS,Correct
0,4.744907824,80,0,13799.37818,843009,8.303588692,72,0,11595,0,1,6,0,4,3,11607,26,0,1,1,DDoS,Correct
1,86.6115817,16490,0,623.6033882,57729,103.933898,20,0,6,6,0,6,0,5,1,30,6,1,0,0,BENIGN,Correct
0,10309.27835,53,0,2041237.113,194,20618.5567,40,0,163,35,0,17,0,2,2,326,70,0,0,0,BENIGN,Correct
1,0.0,80,0,6.138397853,3909815,1.023066309,80,0,6,6,0,6,0,0,4,0,24,0,1,1,DDoS,Correct
0,4914.004914,53,0,594594.5946,407,9828.009828,40,0,85,36,0,17,0,2,2,170,72,0,0,0,BENIGN,Correct
0,41.31950901,443,0,57807.4688,677646,76.73623101,492,0,4380,0,1,6,0,28,24,38196,977,0,0,0,BENIGN,Correct
0,2.983544558,80,0,6941.514769,1675859,4.773671293,72,0,10135,0,1,6,0,5,3,11607,26,0,1,1,DDoS,Correct
0,21.55962314,53,0,5260.548046,46383,43.11924628,32,0,188,56,0,17,0,1,1,188,56,0,0,0,BENIGN,Correct
0,126.6744783,80,0,368211.0397,31577,221.680337,72,0,8760,0,1,6,0,4,3,11601,26,0,1,1,DDoS,Correct
1,43478.26087,36594,0,0.0,23,86956.52174,32,0,0,0,0,6,0,1,1,0,0,1,0,0,BENIGN,Correct
1,0.0,80,0,4.045953945,5931852,0.674325657,80,0,6,6,0,6,0,0,4,0,24,0,1,1,DDoS,Correct
1,0.0,80,0,20.28788509,1182972,3.381314182,80,0,6,6,0,6,0,0,4,0,24,0,1,1,DDoS,Correct
0,70.00840101,80,0,203601.9322,57136,122.5147018,72,0,11595,0,1,6,0,4,3,11607,26,0,1,1,DDoS,Correct
1,0.061875593,80,0,120.2758397,96968768,0.144376383,172,0,5840,0,0,6,0,6,8,11607,56,0,1,1,DDoS,Correct
0,6.571476637,80,0,15289.19754,760864,10.51436262,72,0,7300,0,1,6,0,5,3,11607,26,0,1,1,DDoS,Correct
0,48.26767321,80,0,112241.6473,103589,77.22827713,72,0,7300,0,1,6,0,5,3,11601,26,0,1,1,DDoS,Correct
1,0.0,80,0,2.981589875,10061746,0.496931646,100,0,6,6,0,6,0,0,5,0,30,0,1,1,DDoS,Correct
1,31.16624073,60166,0,560.9923331,32086,93.49872218,40,0,6,6,0,6,0,1,2,6,12,1,0,0,BENIGN,Correct
1,0.0,80,0,13.95498934,1719815,2.325831557,80,0,6,6,0,6,0,0,4,0,24,0,1,1,DDoS,Correct
1,0.06106959,80,0,118.6480349,98248572,0.14249571,172,0,4380,0,0,6,0,6,8,11601,56,0,1,1,DDoS,Correct
1,0.07330419,80,0,142.4911281,81850710,0.17104311,172,0,5840,0,0,6,0,6,8,11607,56,0,1,1,DDoS,Correct
0,15.65871517,80,0,36431.56672,319311,25.05394427,72,0,5840,0,1,6,0,5,3,11607,26,0,1,1,DDoS,Correct
0,14.51715928,53,0,1713.024795,68884,29.03431856,32,0,67,51,0,17,0,1,1,67,51,0,0,0,BENIGN,Correct
0,3.724457207,55546,0,21663.30534,536991,13.03560022,124,0,11595,0,1,6,0,2,5,26,11607,0,0,0,BENIGN,Correct
1,0.08440462,80,0,164.0685143,71086156,0.196944114,172,0,4380,0,0,6,0,6,8,11607,56,0,1,1,DDoS,Correct
0,8.960493186,80,0,26059.35431,446404,15.68086307,72,0,11595,0,1,6,0,4,3,11607,26,0,1,1,DDoS,Correct
1,0.0,80,0,11.19268506,2680322,1.86544751,100,0,6,6,0,6,0,0,5,0,30,0,1,1,DDoS,Correct
0,57.34602592,80,0,166690.5608,69752,100.3555454,72,0,8760,0,1,6,0,4,3,11601,26,0,1,1,DDoS,Correct
0,18.32011842,80,0,42623.58752,272924,29.31218947,72,0,5840,0,1,6,0,5,3,11607,26,0,1,1,DDoS,Correct
1,0.49482414,80,0,1442.783485,8083680,1.484472419,172,0,11595,0,0,6,0,4,8,11607,56,0,1,1,DDoS,Correct
0,11049.72376,53,0,1226519.337,181,22099.44751,64,0,79,32,0,17,0,2,2,158,64,0,0,0,BENIGN,Correct
0,8.49353557,80,0,19761.05986,588683,13.58965691,72,0,10135,0,1,6,0,5,3,11607,26,0,1,1,DDoS,Correct
1,15625.0,58360,0,187500.0,64,31250.0,20,0,6,6,0,6,0,1,1,6,6,1,0,0,BENIGN,Correct
1,0.52264293,28565,0,3.763029096,9566761,0.627171516,20,0,6,6,0,6,0,5,1,30,6,1,0,0,BENIGN,Correct
1,0.13608077,54595,0,158.955947,73485769,0.217729231,132,0,10135,0,0,6,0,10,6,68,11613,1,0,0,BENIGN,Correct
1,0.0,80,0,3.070324634,7816763,0.511720772,80,0,6,6,0,6,0,0,4,0,24,0,1,1,DDoS,Correct
1,0.062188647,80,0,145.0612382,80400527,0.161690482,172,0,7215,0,0,6,0,5,8,11607,56,0,1,1,DDoS,Correct
0,44.72972066,80,0,86723.47341,134139,67.09458099,72,0,4380,0,1,6,0,6,3,11607,26,0,1,1,DDoS,Correct
1,10.60951674,57232,0,541.0853536,188510,26.52379184,60,1,78,6,0,6,0,2,3,12,90,0,0,0,BENIGN,Correct
1,0.051435735,80,0,119.9172724,97208682,0.133732911,172,0,5840,0,0,6,0,5,8,11601,56,0,1,1,DDoS,Correct
0,98.70450339,80,0,286909.3152,40525,172.7328809,72,0,8760,0,1,6,0,4,3,11601,26,0,1,1,DDoS,Correct
0,0.213036376,443,0,135.6509123,112656817,0.434949267,512,0,1601,0,1,6,0,24,25,7143,8139,0,0,0,BENIGN,Correct
0,0.757961054,443,0,660.6262224,15831948,1.326431845,192,0,2273,0,1,6,0,12,9,9643,816,0,0,0,BENIGN,Correct
0,38.76570011,80,0,75160.23156,154776,58.14855016,72,0,4380,0,1,6,0,6,3,11607,26,0,1,1,DDoS,Correct
0,0.475617567,80,0,614.0562521,29435414,0.849317085,232,0,3705,0,1,6,0,14,11,6918,11157,0,0,0,BENIGN,Correct
1,0.051066725,80,0,148.8212038,78328892,0.153200175,172,0,8760,0,0,6,0,4,8,11601,56,0,1,1,DDoS,Correct
1,0.262166766,443,0,47.45218471,3814366,1.573000598,100,1,46,6,0,6,0,1,5,46,135,0,0,0,BENIGN,Correct
